feed_id,feed_mpn,feed_name,category,manufacturer,color,live_status_before,match_method,opendb_ids,local_paths_before,live_buildcores_ids,local_action,added_paths,image_status,source_url,feed_image_url,resolved_image_url,notes,feed_gtin,gtin_checksum_valid,gtin_shared_with_missing_variants,pr_action
41118884495432,CC-H62FW-P1,H6 RGB+ | PC Cases | White,PCCase,NZXT,White,present,manufacturer part number,6b734e18-04e6-4256-a58d-7c9b9458a9fe,,h5110dbte,add,open-db/PCCase/6b734e18-04e6-4256-a58d-7c9b9458a9fe.json,already_present,https://nzxt.com/products/h6-rgb-plus?variant=41118884495432,https://nzxt.com/files/Etail_H6_RGB__White_Carousel_Hero_EN.png,https://cdn.shopify.com/s/files/1/1986/9305/files/Etail_H6_RGB__White_Carousel_Hero_EN.png?v=1779262734,OpenDB files prepared: open-db/PCCase/6b734e18-04e6-4256-a58d-7c9b9458a9fe.json,,,False,already_on_upstream
41118884528200,CC-H62FB-P1,H6 RGB+ | PC Cases | Black,PCCase,NZXT,Black,present,manufacturer part number,95af7ccd-f5cd-4b4a-875d-8a59b0d82e62,,4isix1zrf,add,open-db/PCCase/95af7ccd-f5cd-4b4a-875d-8a59b0d82e62.json,already_present,https://nzxt.com/products/h6-rgb-plus?variant=41118884528200,https://nzxt.com/files/Etail_H6_RGB__Black_Carousel_Hero_EN.png,https://cdn.shopify.com/s/files/1/1986/9305/files/Etail_H6_RGB__Black_Carousel_Hero_EN.png?v=1779262733,OpenDB files prepared: open-db/PCCase/95af7ccd-f5cd-4b4a-875d-8a59b0d82e62.json,,,False,already_on_upstream
41091782115400,CC-H62FW-01,H6 | PC Cases | White,PCCase,NZXT,White,present,manufacturer part number,bf866219-af85-40e9-94e1-cff6f4ddd63d,,audej4x2e,add,open-db/PCCase/bf866219-af85-40e9-94e1-cff6f4ddd63d.json,already_present,https://nzxt.com/products/h6?variant=41091782115400,https://nzxt.com/,https://cdn.shopify.com/s/files/1/1986/9305/files/h6_white_01_hero.png?v=1789183044,OpenDB files prepared: open-db/PCCase/bf866219-af85-40e9-94e1-cff6f4ddd63d.json,,,False,already_on_upstream
41091782148168,CC-H62FB-01,H6 | PC Cases | Black,PCCase,NZXT,Black,present,manufacturer part number,55b94e26-2495-4727-acff-6ac025396bcd,,1rbt6hney,add,open-db/PCCase/55b94e26-2495-4727-acff-6ac025396bcd.json,already_present,https://nzxt.com/products/h6?variant=41091782148168,https://nzxt.com/,https://cdn.shopify.com/s/files/1/1986/9305/files/h6_black_01_hero.png?v=1789183044,OpenDB files prepared: open-db/PCCase/55b94e26-2495-4727-acff-6ac025396bcd.json,,,False,already_on_upstream
41144778784840,CI-H21FW-01,H2 Flow | PC Cases | White,PCCase,NZXT,White,missing,no match,46dfc5c6-a8ff-4d84-b4ce-d205eddb93e1,,,add,open-db/PCCase/46dfc5c6-a8ff-4d84-b4ce-d205eddb93e1.json,no_live_record,https://nzxt.com/products/h2-flow?variant=41144778784840,https://nzxt.com/files/H2_hero_W.png,https://cdn.shopify.com/s/files/1/1986/9305/files/H2_hero_W.png?v=1780390865,OpenDB files prepared: open-db/PCCase/46dfc5c6-a8ff-4d84-b4ce-d205eddb93e1.json,,,False,add
41030986235976,CI-H21FB-01,H2 Flow | PC Cases | Black,PCCase,NZXT,Black,present,manufacturer part number,456a564c-2998-4260-b779-ee852852a829,open-db/PCCase/456a564c-2998-4260-b779-ee852852a829.json,p8zd4qy82,none,,already_present,https://nzxt.com/products/h2-flow?variant=41030986235976,https://nzxt.com/files/Frame_3465350_86542d73-29d1-47ce-8b53-c750675f6f37.png,https://cdn.shopify.com/s/files/1/1986/9305/files/Frame_3465350_86542d73-29d1-47ce-8b53-c750675f6f37.png?v=1770879615,,,,False,no_component_change
40595205062728,CC-H31FW-01,H3 Flow | PC Cases | White,PCCase,NZXT,White,present,manufacturer part number,253a5512-cfbb-4418-9d7c-fc8ace398562,open-db/PCCase/253a5512-cfbb-4418-9d7c-fc8ace398562.json,fnerkkqar,none,,already_present,https://nzxt.com/products/h3-flow?variant=40595205062728,https://nzxt.com/files/Etail_H3Flow_WH_Carousel_Hero_EN.png,https://cdn.shopify.com/s/files/1/1986/9305/files/Etail_H3Flow_WH_Carousel_Hero_EN.png?v=1762528246,,810074848039,True,False,no_component_change
40595205029960,CC-H31FB-01,H3 Flow | PC Cases | Black,PCCase,NZXT,Black,present,manufacturer part number,a8d17240-a7a8-49f8-97fc-e09b1c20ecef,open-db/PCCase/a8d17240-a7a8-49f8-97fc-e09b1c20ecef.json,v0gjaqow2,none,,already_present,https://nzxt.com/products/h3-flow?variant=40595205029960,https://nzxt.com/files/Etail_H3Flow_BK_Carousel_Hero_EN.png,https://cdn.shopify.com/s/files/1/1986/9305/files/Etail_H3Flow_BK_Carousel_Hero_EN.png?v=1747726923,,810074848046,True,False,no_component_change
40595204898888,CM-H92FW-P1,H9 Flow RGB+ | PC Cases | White,PCCase,NZXT,White,present,manufacturer part number,553db8f9-88ec-4f0c-87e2-f3a56e135d09,open-db/PCCase/553db8f9-88ec-4f0c-87e2-f3a56e135d09.json,6bidmklk3,none,,already_present,https://nzxt.com/products/h9-flow-rgb-plus?variant=40595204898888,https://nzxt.com/,https://cdn.shopify.com/s/files/1/1986/9305/files/Case_H9_Flow_RGB__WH_Carousel_Hero_EN_d5c60367-c559-4b2e-9fc1-2fefda287bed.png?v=1765439314,,810074847889,True,False,no_component_change
40595204866120,CM-H92FB-P1,H9 Flow RGB+ | PC Cases | Black,PCCase,NZXT,Black,present,manufacturer part number,1cfc5507-214e-4298-8b00-715b565030fe,open-db/PCCase/1cfc5507-214e-4298-8b00-715b565030fe.json,5tb4euddq,none,,already_present,https://nzxt.com/products/h9-flow-rgb-plus?variant=40595204866120,https://nzxt.com/files/Case_H9_Flow_RGB__BK_Carousel_Hero_EN_8a1ac7dd-7adc-4ef6-aeec-e45022150ce6.png,https://cdn.shopify.com/s/files/1/1986/9305/files/Case_H9_Flow_RGB__BK_Carousel_Hero_EN_8a1ac7dd-7adc-4ef6-aeec-e45022150ce6.png?v=1765439314,,810074847896,True,False,no_component_change
40595201032264,CM-H92FW-R1,H9 Flow RGB | PC Cases | White,PCCase,NZXT,White,present,manufacturer part number,5fc58216-210d-4488-911b-9120758134d5,open-db/PCCase/5fc58216-210d-4488-911b-9120758134d5.json,tx2to3d86,none,,already_present,https://nzxt.com/products/h9-flow-rgb?variant=40595201032264,https://nzxt.com/files/Case_H9FlowRGB_WH_Carousel_Hero_EN_2202aec0-0844-4933-9edb-e7a26749e10c.png,https://cdn.shopify.com/s/files/1/1986/9305/files/Case_H9FlowRGB_WH_Carousel_Hero_EN_2202aec0-0844-4933-9edb-e7a26749e10c.png?v=1762528243,,810074847865,True,False,no_component_change
40595200999496,CM-H92FB-R1,H9 Flow RGB | PC Cases | Black,PCCase,NZXT,Black,present,manufacturer part number,825fc1d4-62b4-4da5-95b3-a01e97dfb2ab,open-db/PCCase/825fc1d4-62b4-4da5-95b3-a01e97dfb2ab.json,g7l1zeuw0,none,,already_present,https://nzxt.com/products/h9-flow-rgb?variant=40595200999496,https://nzxt.com/files/Case_H9FlowRGB_BK_Carousel_Hero_EN_f2a3aac0-3e92-4b7a-a48b-758974da1e9f.png,https://cdn.shopify.com/s/files/1/1986/9305/files/Case_H9FlowRGB_BK_Carousel_Hero_EN_f2a3aac0-3e92-4b7a-a48b-758974da1e9f.png?v=1770714753,,810074847872,True,False,no_component_change
40595196313672,CM-H92FW-01,H9 Flow | PC Cases | White,PCCase,NZXT,White,present,manufacturer part number,407abc4e-be29-4dc4-9830-6877830101bf,open-db/PCCase/407abc4e-be29-4dc4-9830-6877830101bf.json,d3hj2v02v,none,,already_present,https://nzxt.com/products/h9-flow?variant=40595196313672,https://nzxt.com/files/Case_H9_Flow_WH_Carousel_Hero_EN_6c6f2fc0-18de-4729-94c9-608b22094825.png,https://cdn.shopify.com/s/files/1/1986/9305/files/Case_H9_Flow_WH_Carousel_Hero_EN_6c6f2fc0-18de-4729-94c9-608b22094825.png?v=1765345278,,810074847841,True,False,no_component_change
40595196280904,CM-H92FB-01,H9 Flow | PC Cases | Black,PCCase,NZXT,Black,present,manufacturer part number,9469ee8d-121b-4dd9-87ba-40858b67f5cd,open-db/PCCase/9469ee8d-121b-4dd9-87ba-40858b67f5cd.json,7w986vx9n,none,,already_present,https://nzxt.com/products/h9-flow?variant=40595196280904,https://nzxt.com/files/Case_H9_Flow_BK_Carousel_Hero_EN_1a68cd6b-db7a-462f-ae20-d70f5ddcf6d0.png,https://cdn.shopify.com/s/files/1/1986/9305/files/Case_H9_Flow_BK_Carousel_Hero_EN_1a68cd6b-db7a-462f-ae20-d70f5ddcf6d0.png?v=1765346724,,810074847858,True,False,no_component_change
40575817220168,CM-H72FW-R1,H7 Flow RGB | PC Cases | White,PCCase,NZXT,White,present,manufacturer part number,00827b00-c9c3-421a-8730-78e3cea68fe7,open-db/PCCase/00827b00-c9c3-421a-8730-78e3cea68fe7.json,nlblsam12,none,,already_present,https://nzxt.com/products/h7-flow-rgb?variant=40575817220168,https://nzxt.com/files/h7-flow-rgb-hero-white.png,https://cdn.shopify.com/s/files/1/1986/9305/files/h7-flow-rgb-hero-white.png?v=1762528080,,810074845588,True,False,no_component_change
40575817187400,CM-H72FB-R1,H7 Flow RGB | PC Cases | Black,PCCase,NZXT,Black,present,manufacturer part number,28dd6139-320e-44b3-aa8a-a617b135196d,open-db/PCCase/28dd6139-320e-44b3-aa8a-a617b135196d.json,kf3rcx8zs,none,,already_present,https://nzxt.com/products/h7-flow-rgb?variant=40575817187400,https://nzxt.com/files/h7-flow-rgb-hero-black.png,https://cdn.shopify.com/s/files/1/1986/9305/files/h7-flow-rgb-hero-black.png?v=1744875537,Conflicting MPN alias rejected: 044572aa-2cb1-4b2a-b42d-e3554cc27309,810074845571,True,False,no_component_change
40575817154632,CM-H72FW-01,H7 Flow | PC Cases | White,PCCase,NZXT,White,present,manufacturer part number,cc6dba0d-1833-481c-b980-d23f4edeee74,open-db/PCCase/cc6dba0d-1833-481c-b980-d23f4edeee74.json,8lunlt6x3,none,,already_present,https://nzxt.com/products/h7-flow?variant=40575817154632,https://nzxt.com/files/h7-flow-hero-white.png,https://cdn.shopify.com/s/files/1/1986/9305/files/h7-flow-hero-white.png?v=1762528078,,810074845564,True,False,no_component_change
40575817121864,CM-H72FB-01,H7 Flow | PC Cases | Black,PCCase,NZXT,Black,present,manufacturer part number,03aec929-39f5-43c7-8396-3de12002b795 | 044572aa-2cb1-4b2a-b42d-e3554cc27309,open-db/PCCase/03aec929-39f5-43c7-8396-3de12002b795.json | open-db/PCCase/044572aa-2cb1-4b2a-b42d-e3554cc27309.json,gh7e6oopp | bsv2vnalv,none,,already_present,https://nzxt.com/products/h7-flow?variant=40575817121864,https://nzxt.com/files/h7-flow-hero-black.png,https://cdn.shopify.com/s/files/1/1986/9305/files/h7-flow-hero-black.png?v=1744874744,Multiple catalog records share this SKU; retained without deletion.,810074845557,True,False,no_component_change
40575816859720,CC-H61FW-R1,H6 Flow RGB | PC Cases | White,PCCase,NZXT,White,present,manufacturer part number,2da4df71-b3a3-412a-b67c-d30f84c77d91,open-db/PCCase/2da4df71-b3a3-412a-b67c-d30f84c77d91.json,wx2cw4fph,none,,already_present,https://nzxt.com/products/h6-flow-rgb?variant=40575816859720,https://nzxt.com/files/h6-flow-rgb-hero-white.png,https://cdn.shopify.com/s/files/1/1986/9305/files/h6-flow-rgb-hero-white.png?v=1762528073,,810074844154,True,False,no_component_change
40575816826952,CC-H61FB-R1,H6 Flow RGB | PC Cases | Black,PCCase,NZXT,Black,present,manufacturer part number,f71318da-b9dd-4800-954c-076c56958762,open-db/PCCase/f71318da-b9dd-4800-954c-076c56958762.json,kdcigzkpj,none,,already_present,https://nzxt.com/products/h6-flow-rgb?variant=40575816826952,https://nzxt.com/files/h6-flow-rgb-hero-black.png,https://cdn.shopify.com/s/files/1/1986/9305/files/h6-flow-rgb-hero-black.png?v=1744870358,,810074844161,True,False,no_component_change
40575816794184,CC-H61FW-01,H6 Flow | PC Cases | White,PCCase,NZXT,White,present,manufacturer part number,b1e0b4f0-0522-443b-94a2-309f67623bb7,open-db/PCCase/b1e0b4f0-0522-443b-94a2-309f67623bb7.json,84akyunya,none,,already_present,https://nzxt.com/products/h6-flow?variant=40575816794184,https://nzxt.com/files/iauAu6_4352029a-3f4a-4827-91e9-fe4aa4f5c796.png,https://cdn.shopify.com/s/files/1/1986/9305/files/iauAu6_4352029a-3f4a-4827-91e9-fe4aa4f5c796.png?v=1762528073,,810074844147,True,False,no_component_change
40575816761416,CC-H61FB-01,H6 Flow | PC Cases | Black,PCCase,NZXT,Black,present,manufacturer part number,d1c4ea4c-7e63-4086-951c-2a28ee297da7,open-db/PCCase/d1c4ea4c-7e63-4086-951c-2a28ee297da7.json,o9bx9u9l7,none,,already_present,https://nzxt.com/products/h6-flow?variant=40575816761416,https://nzxt.com/files/ml8nCo_9079ccfc-4625-4b8b-9f18-ecb1c8762b77.png,https://cdn.shopify.com/s/files/1/1986/9305/files/ml8nCo_9079ccfc-4625-4b8b-9f18-ecb1c8762b77.png?v=1744866873,,810074844147,True,False,no_component_change
40575816564808,CC-H52FW-R1,H5 Flow RGB | PC Cases | White,PCCase,NZXT,White,present,manufacturer part number,f1ff1ac2-32d9-4169-8b2e-6d6fcb744b35,open-db/PCCase/f1ff1ac2-32d9-4169-8b2e-6d6fcb744b35.json,k3sode4gh,none,,already_present,https://nzxt.com/products/h5-flow-rgb?variant=40575816564808,https://nzxt.com/files/r18LnU_e6e792ac-c340-4242-bb59-0d597c90f4b3.png,https://cdn.shopify.com/s/files/1/1986/9305/files/r18LnU_e6e792ac-c340-4242-bb59-0d597c90f4b3.png?v=1762528068,,810074845922,True,False,no_component_change
40575816532040,CC-H52FB-R1,H5 Flow RGB | PC Cases | Black,PCCase,NZXT,Black,present,manufacturer part number,f73a23ba-e91a-4d80-ab50-422abe6b2a05,open-db/PCCase/f73a23ba-e91a-4d80-ab50-422abe6b2a05.json,g9ph7qz2s,none,,already_present,https://nzxt.com/products/h5-flow-rgb?variant=40575816532040,https://nzxt.com/files/h5-flow-rgb-hero-black.png,https://cdn.shopify.com/s/files/1/1986/9305/files/h5-flow-rgb-hero-black.png?v=1744864915,,810074845939,True,False,no_component_change
40575815155784,CC-H52FW-01,H5 Flow | PC Cases | White,PCCase,NZXT,White,present,manufacturer part number,b5020a0f-1b6d-41df-acb0-f3c95c959600,open-db/PCCase/b5020a0f-1b6d-41df-acb0-f3c95c959600.json,tiye8iiim,none,,already_present,https://nzxt.com/products/h5-flow?variant=40575815155784,https://nzxt.com/files/cHNKLnCSQFWZ4NQovq2Byrvrxt3XmnDDFHT2MgjC.png,https://cdn.shopify.com/s/files/1/1986/9305/files/cHNKLnCSQFWZ4NQovq2Byrvrxt3XmnDDFHT2MgjC.png?v=1762528058,,810074845908,True,False,no_component_change
40575815188552,CC-H52FB-01,H5 Flow | PC Cases | Black,PCCase,NZXT,Black,present,manufacturer part number,68e63b0e-7ce6-4660-84c5-ef9ee8fb7f88,open-db/PCCase/68e63b0e-7ce6-4660-84c5-ef9ee8fb7f88.json,tfmg9jlc9,none,,already_present,https://nzxt.com/products/h5-flow?variant=40575815188552,https://nzxt.com/files/nQPd2VSSemEjdoVxxK64qo18SydPthk9OI6LYP3j.png,https://cdn.shopify.com/s/files/1/1986/9305/files/nQPd2VSSemEjdoVxxK64qo18SydPthk9OI6LYP3j.png?v=1744856936,,810074845915,True,False,no_component_change
40798856249416,RL-KR36C-B1,Kraken Core 360 RGB | CPU Coolers | Black,CPUCooler,NZXT,Black,present,manufacturer part number,0da1d260-bf32-44c0-a165-34905daef666,open-db/CPUCooler/0da1d260-bf32-44c0-a165-34905daef666.json,kxi4e1wka,none,,already_present,https://nzxt.com/products/kraken-core-360-rgb?variant=40798856249416,https://nzxt.com/,https://cdn.shopify.com/s/files/1/1986/9305/files/Etail_KrakenCore360_BK_Carousel_Hero_EN.png?v=1758742619,,810074846295,True,False,no_component_change
40798856282184,RL-KR24C-B1,Kraken Core 240 RGB | CPU Coolers | Black,CPUCooler,NZXT,Black,present,manufacturer part number,4cbb8aec-663d-43ff-9b78-05e92da9fef4,open-db/CPUCooler/4cbb8aec-663d-43ff-9b78-05e92da9fef4.json,drvp6v933,none,,already_present,https://nzxt.com/products/kraken-core-240-rgb?variant=40798856282184,https://nzxt.com/,https://cdn.shopify.com/s/files/1/1986/9305/files/Etail_KrakenCore240_BK_Carousel_Hero_EN.png?v=1758742499,,810074846288,True,False,no_component_change
40595210764360,RL-KR42E-W2,Kraken Elite 420 RGB | CPU Coolers | White,CPUCooler,NZXT,White,present,manufacturer part number,84f409b9-e579-4160-878e-ad8a9cbb6814,open-db/CPUCooler/84f409b9-e579-4160-878e-ad8a9cbb6814.json,snnqwrt0l,none,,already_present,https://nzxt.com/products/kraken-elite-420-rgb?variant=40595210764360,https://nzxt.com/files/Cooling_KrakenElite_RGB_WH_420_Carousel_Hero_EN_a669d0be-8e0e-472f-805d-b53283209f14.png,https://cdn.shopify.com/s/files/1/1986/9305/files/Cooling_KrakenElite_RGB_WH_420_Carousel_Hero_EN_a669d0be-8e0e-472f-805d-b53283209f14.png?v=1762528253,,810074844307,True,False,no_component_change
40595210731592,RL-KR42E-B2,Kraken Elite 420 RGB | CPU Coolers | Black,CPUCooler,NZXT,Black,present,manufacturer part number,9828a076-03d8-4750-ad07-dceba4cef233,open-db/CPUCooler/9828a076-03d8-4750-ad07-dceba4cef233.json,jk8lsx19c,none,,already_present,https://nzxt.com/products/kraken-elite-420-rgb?variant=40595210731592,https://nzxt.com/files/Cooling_KrakenElite_RGB_BK_420_Carousel_Hero_EN_561543ab-94a8-4587-880c-04123b3fbf4c.png,https://cdn.shopify.com/s/files/1/1986/9305/files/Cooling_KrakenElite_RGB_BK_420_Carousel_Hero_EN_561543ab-94a8-4587-880c-04123b3fbf4c.png?v=1758539298,,810074844291,True,False,no_component_change
40595210633288,RL-KR360-W2,Kraken Plus 360 RGB | CPU Coolers | White,CPUCooler,NZXT,White,present,manufacturer part number,1e539d30-384a-49da-a1d7-14458f7f74d1,open-db/CPUCooler/1e539d30-384a-49da-a1d7-14458f7f74d1.json,i6tcbf5ud,none,,already_present,https://nzxt.com/products/kraken-plus-360-rgb?variant=40595210633288,https://nzxt.com/,https://cdn.shopify.com/s/files/1/1986/9305/files/kraken-plus-360-rgb_white_01_hero.png?v=1789181700,,810074845359,True,False,no_component_change
40595210600520,RL-KR360-B2,Kraken Plus 360 RGB | CPU Coolers | Black,CPUCooler,NZXT,Black,present,manufacturer part number,e10a2e74-8683-4045-8af3-5c40f8df8c04,open-db/CPUCooler/e10a2e74-8683-4045-8af3-5c40f8df8c04.json,0fswbrhr1,none,,already_present,https://nzxt.com/products/kraken-plus-360-rgb?variant=40595210600520,https://nzxt.com/,https://cdn.shopify.com/s/files/1/1986/9305/files/kraken-plus-360-rgb_black_01_hero.png?v=1789181699,,810074845366,True,False,no_component_change
40595207323720,RL-KR240-W2,Kraken Plus 240 RGB | CPU Coolers | White,CPUCooler,NZXT,White,present,manufacturer part number,0915b5cd-dbed-4b9d-a0c0-eaed5a0d7bc6,open-db/CPUCooler/0915b5cd-dbed-4b9d-a0c0-eaed5a0d7bc6.json,1xqvrskyu,none,,already_present,https://nzxt.com/products/kraken-plus-240-rgb?variant=40595207323720,https://nzxt.com/,https://cdn.shopify.com/s/files/1/1986/9305/files/kraken-plus-240-rgb_white_01_hero.png?v=1789181438,,810074845311,True,False,no_component_change
40595207290952,RL-KR240-B2,Kraken Plus 240 RGB | CPU Coolers | Black,CPUCooler,NZXT,Black,present,manufacturer part number,3916d3dc-9163-49e1-8fc4-d5a4d9410050,open-db/CPUCooler/3916d3dc-9163-49e1-8fc4-d5a4d9410050.json,my1m4sg2y,none,,already_present,https://nzxt.com/products/kraken-plus-240-rgb?variant=40595207290952,https://nzxt.com/,https://cdn.shopify.com/s/files/1/1986/9305/files/kraken-plus-240-rgb_black_01_hero.png?v=1789181439,Conflicting MPN alias rejected: 4cbb8aec-663d-43ff-9b78-05e92da9fef4,810074845328,True,False,no_component_change
40798945050696,RL-KN360-B2,Kraken Plus 360 | CPU Coolers | Black,CPUCooler,NZXT,Black,present,manufacturer part number,e6b80b91-6fd1-47a7-afdb-2259c6386f2c,open-db/CPUCooler/e6b80b91-6fd1-47a7-afdb-2259c6386f2c.json,6ux6guvrx,none,,already_present,https://nzxt.com/products/kraken-plus-360?variant=40798945050696,https://nzxt.com/,https://cdn.shopify.com/s/files/1/1986/9305/files/01_Kraken_Plus__non_RGB_360_black_f4e099ff-56e8-4629-a2ed-98b8edc5082a.png?v=1762528251,,810074845304,True,False,no_component_change
40798856970312,RL-KN280-B2,Kraken Plus 280 | CPU Coolers | Black,CPUCooler,NZXT,Black,present,manufacturer part number,de5b2f29-9899-4d66-86cb-96350a18bdf2,open-db/CPUCooler/de5b2f29-9899-4d66-86cb-96350a18bdf2.json,twgh2o2ag,none,,already_present,https://nzxt.com/products/kraken-plus-280?variant=40798856970312,https://nzxt.com/files/01_KrakenPlus_nonRGB_280_black.png,https://cdn.shopify.com/s/files/1/1986/9305/files/01_KrakenPlus_nonRGB_280_black.png?v=1762528248,,810074845298,True,False,no_component_change
40798857003080,RL-KN240-B2,Kraken Plus 240 | CPU Coolers | Black,CPUCooler,NZXT,Black,present,manufacturer part number,4ebfaa36-435f-495b-97da-4baab3dc8b73,open-db/CPUCooler/4ebfaa36-435f-495b-97da-4baab3dc8b73.json,bjqsgh833,none,,already_present,https://nzxt.com/products/kraken-plus-240?variant=40798857003080,https://nzxt.com/,https://cdn.shopify.com/s/files/1/1986/9305/files/01_Kraken_Plus__non_RGB_240_black_4b4e65dd-e385-4ed0-ba55-668e45561098.png?v=1762528248,,810074845281,True,False,no_component_change
40575818235976,RL-KR36E-W2,Kraken Elite 360 RGB | CPU Coolers | White,CPUCooler,NZXT,White,present,manufacturer part number,1c807e2c-e439-43d5-87c8-fb7c48476bb5,open-db/CPUCooler/1c807e2c-e439-43d5-87c8-fb7c48476bb5.json,ytebh49h6,none,,already_present,https://nzxt.com/products/kraken-360-elite-rgb-1?variant=40575818235976,https://nzxt.com/files/Cooling_KrakenElite_RGB_WH_360_Carousel_Hero_EN.png,https://cdn.shopify.com/s/files/1/1986/9305/files/Cooling_KrakenElite_RGB_WH_360_Carousel_Hero_EN.png?v=1758538277,,810074844284,True,False,no_component_change
40575818268744,RL-KR36E-B2,Kraken Elite 360 RGB | CPU Coolers | Black,CPUCooler,NZXT,Black,present,manufacturer part number,799093c0-3c6f-42ba-905f-c955a4d66347,open-db/CPUCooler/799093c0-3c6f-42ba-905f-c955a4d66347.json,lv6ox9s5l,none,,already_present,https://nzxt.com/products/kraken-360-elite-rgb-1?variant=40575818268744,https://nzxt.com/files/Cooling_KrakenElite_RGB_BK_360_Carousel_Hero_EN.png,https://cdn.shopify.com/s/files/1/1986/9305/files/Cooling_KrakenElite_RGB_BK_360_Carousel_Hero_EN.png?v=1764722584,Conflicting MPN alias rejected: e10a2e74-8683-4045-8af3-5c40f8df8c04,810074844277,True,False,no_component_change
40575818072136,RL-KR28E-W2,Kraken Elite 280 RGB | CPU Coolers | White,CPUCooler,NZXT,White,present,manufacturer part number,08d9f60b-3ac0-45eb-8f87-3e9ac7d8162d,open-db/CPUCooler/08d9f60b-3ac0-45eb-8f87-3e9ac7d8162d.json,gyxl9gqjw,none,,already_present,https://nzxt.com/products/kraken-280-elite-rgb?variant=40575818072136,https://nzxt.com/files/Cooling_KrakenElite_RGB_WH_280_Carousel_Hero_EN.png,https://cdn.shopify.com/s/files/1/1986/9305/files/Cooling_KrakenElite_RGB_WH_280_Carousel_Hero_EN.png?v=1758538871,,810074844260,True,False,no_component_change
40575818104904,RL-KR28E-B2,Kraken Elite 280 RGB | CPU Coolers | Black,CPUCooler,NZXT,Black,present,manufacturer part number,80ee7d0a-1dca-4b7b-8065-c340608220a2,open-db/CPUCooler/80ee7d0a-1dca-4b7b-8065-c340608220a2.json,9kmo6qxoc,none,,already_present,https://nzxt.com/products/kraken-280-elite-rgb?variant=40575818104904,https://nzxt.com/files/Cooling_KrakenElite_RGB_BK_280_Carousel_Hero_EN.png,https://cdn.shopify.com/s/files/1/1986/9305/files/Cooling_KrakenElite_RGB_BK_280_Carousel_Hero_EN.png?v=1758538871,,810074844253,True,False,no_component_change
40575817908296,RL-KR24E-W2,Kraken Elite 240 RGB | CPU Coolers | White,CPUCooler,NZXT,White,present,manufacturer part number,c365e39f-41e3-4949-b911-2b1a0300295e,open-db/CPUCooler/c365e39f-41e3-4949-b911-2b1a0300295e.json,1f02obelp,none,,already_present,https://nzxt.com/products/kraken-240-elite-rgb?variant=40575817908296,https://nzxt.com/files/Cooling_KrakenElite_RGB_WH_240_Carousel_Hero_EN.png,https://cdn.shopify.com/s/files/1/1986/9305/files/Cooling_KrakenElite_RGB_WH_240_Carousel_Hero_EN.png?v=1758538614,,810074844246,True,False,no_component_change
40575817941064,RL-KR24E-B2,Kraken Elite 240 RGB | CPU Coolers | Black,CPUCooler,NZXT,Black,present,manufacturer part number,baecce90-71d4-4081-9fd2-3af37224f792,open-db/CPUCooler/baecce90-71d4-4081-9fd2-3af37224f792.json,o4xfwkjzl,none,,already_present,https://nzxt.com/products/kraken-240-elite-rgb?variant=40575817941064,https://nzxt.com/files/Cooling_KrakenElite_RGB_BK_240_Carousel_Hero_EN.png,https://cdn.shopify.com/s/files/1/1986/9305/files/Cooling_KrakenElite_RGB_BK_240_Carousel_Hero_EN.png?v=1758538614,,810074844239,True,False,no_component_change
40798945312840,RL-KN24E-B2,Kraken Elite 240 | CPU Coolers | Black,CPUCooler,NZXT,Black,present,manufacturer part number,62be088e-810f-4b41-9660-ae129439fdd6,open-db/CPUCooler/62be088e-810f-4b41-9660-ae129439fdd6.json,2mthbx6zf,none,,already_present,https://nzxt.com/products/kraken-240-elite?variant=40798945312840,https://nzxt.com/files/AP73Az_fe74e692-b68d-4383-b760-dcfffa321fd8.png,https://cdn.shopify.com/s/files/1/1986/9305/files/AP73Az_fe74e692-b68d-4383-b760-dcfffa321fd8.png?v=1762528095,,810074844208,True,False,no_component_change
40798858379336,RL-KN36E-B2,Kraken Elite 360 | CPU Coolers | Black,CPUCooler,NZXT,Black,present,manufacturer part number,c28ba6de-5ff5-4c7c-a2cc-48f13f2f3bac,open-db/CPUCooler/c28ba6de-5ff5-4c7c-a2cc-48f13f2f3bac.json,8fc9ngzqc,none,,already_present,https://nzxt.com/products/kraken-360-elite-aio?variant=40798858379336,https://nzxt.com/,https://cdn.shopify.com/s/files/1/1986/9305/files/OFMPon_b28785ee-2518-4435-b1eb-4f48155e193d.png?v=1762528051,,810074844222,True,False,no_component_change
41131208933448,RF-E42US-WA,F420U | Case Fans | White,CaseFan,NZXT,White,present,model/color/year/frame-size/quantity/flow-direction match,972aaee9-9037-43ed-957f-4fd6346951ad,,w08gdm8pk,add,open-db/CaseFan/972aaee9-9037-43ed-957f-4fd6346951ad.json,already_present,https://nzxt.com/products/f420u?variant=41131208933448,https://nzxt.com/files/Etail_Ultra_Fan420_WH_Carousel_Hero_EN.png,https://cdn.shopify.com/s/files/1/1986/9305/files/Etail_Ultra_Fan420_WH_Carousel_Hero_EN.png?v=1779711613,OpenDB files prepared: open-db/CaseFan/972aaee9-9037-43ed-957f-4fd6346951ad.json,,,False,already_on_upstream
41131208966216,RF-E42US-BA,F420U | Case Fans | Black,CaseFan,NZXT,Black,present,model/color/year/frame-size/quantity/flow-direction match,40aeb8c6-592c-47b3-8cb4-836f3feb9743,,m3oxwp0rk,add,open-db/CaseFan/40aeb8c6-592c-47b3-8cb4-836f3feb9743.json,already_present,https://nzxt.com/products/f420u?variant=41131208966216,https://nzxt.com/files/Etail_Ultra_Fan420_BK_Carousel_Hero_EN.png,https://cdn.shopify.com/s/files/1/1986/9305/files/Etail_Ultra_Fan420_BK_Carousel_Hero_EN.png?v=1779711613,OpenDB files prepared: open-db/CaseFan/40aeb8c6-592c-47b3-8cb4-836f3feb9743.json,,,False,already_on_upstream
41131159322696,RF-E36US-WA,F360U | Case Fans | White,CaseFan,NZXT,White,present,model/color/year/frame-size/quantity/flow-direction match,03cc2907-512c-44a8-8f81-bc544a08649e,,aphoc5r5b,add,open-db/CaseFan/03cc2907-512c-44a8-8f81-bc544a08649e.json,already_present,https://nzxt.com/products/f360u?variant=41131159322696,https://nzxt.com/files/Etail_Ultra_Fan360_WH_Carousel_Hero_EN.png,https://cdn.shopify.com/s/files/1/1986/9305/files/Etail_Ultra_Fan360_WH_Carousel_Hero_EN.png?v=1779711455,OpenDB files prepared: open-db/CaseFan/03cc2907-512c-44a8-8f81-bc544a08649e.json,,,False,already_on_upstream
41131159355464,RF-E36US-BA,F360U | Case Fans | Black,CaseFan,NZXT,Black,present,model/color/year/frame-size/quantity/flow-direction match,6073829e-439d-4980-af2e-5d66256f2abf,,s3in1uxxl,add,open-db/CaseFan/6073829e-439d-4980-af2e-5d66256f2abf.json,already_present,https://nzxt.com/products/f360u?variant=41131159355464,https://nzxt.com/files/Etail_Ultra_Fan360_BK_Carousel_Hero_EN.png,https://cdn.shopify.com/s/files/1/1986/9305/files/Etail_Ultra_Fan360_BK_Carousel_Hero_EN.png?v=1779711455,OpenDB files prepared: open-db/CaseFan/6073829e-439d-4980-af2e-5d66256f2abf.json,,,False,already_on_upstream
41131084677192,RF-E14US-WA,F140U | Case Fans | White,CaseFan,NZXT,White,present,model/color/year/frame-size/quantity/flow-direction match,dc7052d1-838b-469f-969f-21b27fbcd8af,,tdndtch1p,add,open-db/CaseFan/dc7052d1-838b-469f-969f-21b27fbcd8af.json,already_present,https://nzxt.com/products/f140u?variant=41131084677192,https://nzxt.com/files/Etail_Ultra_Fan140_WH_Carousel_Hero_EN.png,https://cdn.shopify.com/s/files/1/1986/9305/files/Etail_Ultra_Fan140_WH_Carousel_Hero_EN.png?v=1779711250,OpenDB files prepared: open-db/CaseFan/dc7052d1-838b-469f-969f-21b27fbcd8af.json,,,False,already_on_upstream
41131084709960,RF-E14US-BA,F140U | Case Fans | Black,CaseFan,NZXT,Black,present,model/color/year/frame-size/quantity/flow-direction match,697324f4-6ef9-4e13-822a-ae55caa071f7,,5uxbyr5rr,add,open-db/CaseFan/697324f4-6ef9-4e13-822a-ae55caa071f7.json,already_present,https://nzxt.com/products/f140u?variant=41131084709960,https://nzxt.com/files/Etail_Ultra_Fan140_BK_Carousel_Hero_EN.png,https://cdn.shopify.com/s/files/1/1986/9305/files/Etail_Ultra_Fan140_BK_Carousel_Hero_EN.png?v=1779711250,OpenDB files prepared: open-db/CaseFan/697324f4-6ef9-4e13-822a-ae55caa071f7.json,,,False,already_on_upstream
41120608911432,RF-R242R-WF,F420 RGB Reverse | Case Fans | White,CaseFan,NZXT,White,present,model/color/year/frame-size/quantity/flow-direction match,44343e0a-e607-4c44-8c77-d9552f3444c4,,85z6m1lu5,add,open-db/CaseFan/44343e0a-e607-4c44-8c77-d9552f3444c4.json,already_present,https://nzxt.com/products/f420-rgb-reverse?variant=41120608911432,https://nzxt.com/files/Etail_F420_RGB_Reverse_White_Carousel_Hero_EN.png,https://cdn.shopify.com/s/files/1/1986/9305/files/Etail_F420_RGB_Reverse_White_Carousel_Hero_EN.png?v=1779359591,OpenDB files prepared: open-db/CaseFan/44343e0a-e607-4c44-8c77-d9552f3444c4.json,,,False,already_on_upstream
41120608944200,RF-R242R-BF,F420 RGB Reverse | Case Fans | Black,CaseFan,NZXT,Black,present,model/color/year/frame-size/quantity/flow-direction match,3ead02b5-fd85-42be-beb2-751e547186b2,,ag9whisyd,add,open-db/CaseFan/3ead02b5-fd85-42be-beb2-751e547186b2.json,already_present,https://nzxt.com/products/f420-rgb-reverse?variant=41120608944200,https://nzxt.com/files/Etail_F420_RGB_Reverse_Black_Carousel_Hero_EN.png,https://cdn.shopify.com/s/files/1/1986/9305/files/Etail_F420_RGB_Reverse_Black_Carousel_Hero_EN.png?v=1779359591,OpenDB files prepared: open-db/CaseFan/3ead02b5-fd85-42be-beb2-751e547186b2.json,,,False,already_on_upstream
41120156811336,RF-R236R-WF,F360 RGB Reverse | Case Fans | White,CaseFan,NZXT,White,present,model/color/year/frame-size/quantity/flow-direction match,659ee988-fade-4593-b60f-1b57b868d995,,vdzav5frl,add,open-db/CaseFan/659ee988-fade-4593-b60f-1b57b868d995.json,already_present,https://nzxt.com/products/f360-rgb-reverse?variant=41120156811336,https://nzxt.com/files/Etail_F360_RGB_White_Carousel_Hero_EN.png,https://cdn.shopify.com/s/files/1/1986/9305/files/Etail_F360_RGB_White_Carousel_Hero_EN.png?v=1779334286,OpenDB files prepared: open-db/CaseFan/659ee988-fade-4593-b60f-1b57b868d995.json,,,False,already_on_upstream
41120156844104,RF-R236R-BF,F360 RGB Reverse | Case Fans | Black,CaseFan,NZXT,Black,present,model/color/year/frame-size/quantity/flow-direction match,35cca98b-cb30-4e79-8dae-d9cea1b84ae4,,lm21sxhz6,add,open-db/CaseFan/35cca98b-cb30-4e79-8dae-d9cea1b84ae4.json,already_present,https://nzxt.com/products/f360-rgb-reverse?variant=41120156844104,https://nzxt.com/files/Etail_F360_RGB_Black_Carousel_Hero_EN.png,https://cdn.shopify.com/s/files/1/1986/9305/files/Etail_F360_RGB_Black_Carousel_Hero_EN.png?v=1779334286,OpenDB files prepared: open-db/CaseFan/35cca98b-cb30-4e79-8dae-d9cea1b84ae4.json,,,False,already_on_upstream
41120010666056,RF-R242U-WF,F420 RGB | Case Fans | White,CaseFan,NZXT,White,present,model/color/year/frame-size/quantity/flow-direction match,495ac577-37f2-438d-8f88-78a21b518cf9,,bez1fdg1h,add,open-db/CaseFan/495ac577-37f2-438d-8f88-78a21b518cf9.json,already_present,https://nzxt.com/products/f420-rgb?variant=41120010666056,https://nzxt.com/files/Etail_F420_RGB_White_Carousel_Hero_EN.png,https://cdn.shopify.com/s/files/1/1986/9305/files/Etail_F420_RGB_White_Carousel_Hero_EN.png?v=1779336162,OpenDB files prepared: open-db/CaseFan/495ac577-37f2-438d-8f88-78a21b518cf9.json,,,False,already_on_upstream
41120010698824,RF-R242U-BF,F420 RGB | Case Fans | Black,CaseFan,NZXT,Black,present,model/color/year/frame-size/quantity/flow-direction match,3ab1762b-281e-42b9-b142-ef3337c7f89b,,ytwxp1n3j,add,open-db/CaseFan/3ab1762b-281e-42b9-b142-ef3337c7f89b.json,already_present,https://nzxt.com/products/f420-rgb?variant=41120010698824,https://nzxt.com/files/Etail_F420_RGB_Black_Carousel_Hero_EN.png,https://cdn.shopify.com/s/files/1/1986/9305/files/Etail_F420_RGB_Black_Carousel_Hero_EN.png?v=1779336161,OpenDB files prepared: open-db/CaseFan/3ab1762b-281e-42b9-b142-ef3337c7f89b.json,,,False,already_on_upstream
41119972720712,RF-R236U-WF,F360 RGB | Case Fans | White,CaseFan,NZXT,White,present,model/color/year/frame-size/quantity/flow-direction match,9d3646b4-3f1d-48d7-bb27-7cc5eb7deb9c,,hed4mrlp3,add,open-db/CaseFan/9d3646b4-3f1d-48d7-bb27-7cc5eb7deb9c.json,already_present,https://nzxt.com/products/f360-rgb?variant=41119972720712,https://nzxt.com/files/Etail_F360_RGB_White_Carousel_Hero_EN.png,https://cdn.shopify.com/s/files/1/1986/9305/files/Etail_F360_RGB_White_Carousel_Hero_EN.png?v=1779334286,OpenDB files prepared: open-db/CaseFan/9d3646b4-3f1d-48d7-bb27-7cc5eb7deb9c.json,,,False,already_on_upstream
41119972753480,RF-R236U-BF,F360 RGB | Case Fans | Black,CaseFan,NZXT,Black,present,model/color/year/frame-size/quantity/flow-direction match,dd7f1b55-9062-4d6f-a702-8c441fc149d0,,aa5oaiob3,add,open-db/CaseFan/dd7f1b55-9062-4d6f-a702-8c441fc149d0.json,already_present,https://nzxt.com/products/f360-rgb?variant=41119972753480,https://nzxt.com/files/Etail_F360_RGB_Black_Carousel_Hero_EN.png,https://cdn.shopify.com/s/files/1/1986/9305/files/Etail_F360_RGB_Black_Carousel_Hero_EN.png?v=1779334286,OpenDB files prepared: open-db/CaseFan/dd7f1b55-9062-4d6f-a702-8c441fc149d0.json,,,False,already_on_upstream
41119072583752,RF-R214S-WF,F140 RGB | Case Fans | White,CaseFan,NZXT,White,present,model/color/year/frame-size/quantity/flow-direction match,85d21d39-9da1-49b1-8bf1-f60a7e985524,,q8s4n84j2,add,open-db/CaseFan/85d21d39-9da1-49b1-8bf1-f60a7e985524.json,already_present,https://nzxt.com/products/f140-rgb?variant=41119072583752,https://nzxt.com/files/Etail_F140_RGB_White_Carousel_Hero_EN.png,https://cdn.shopify.com/s/files/1/1986/9305/files/Etail_F140_RGB_White_Carousel_Hero_EN.png?v=1779271604,OpenDB files prepared: open-db/CaseFan/85d21d39-9da1-49b1-8bf1-f60a7e985524.json,,,False,already_on_upstream
41119072616520,RF-R214S-BF,F140 RGB | Case Fans | Black,CaseFan,NZXT,Black,present,model/color/year/frame-size/quantity/flow-direction match,1eaf0f1e-6a81-4b12-af59-26a62e393357,,6hx1yxebu,add,open-db/CaseFan/1eaf0f1e-6a81-4b12-af59-26a62e393357.json,already_present,https://nzxt.com/products/f140-rgb?variant=41119072616520,https://nzxt.com/files/Etail_F140_RGB_Black_Carousel_Hero_EN.png,https://cdn.shopify.com/s/files/1/1986/9305/files/Etail_F140_RGB_Black_Carousel_Hero_EN.png?v=1779271604,OpenDB files prepared: open-db/CaseFan/1eaf0f1e-6a81-4b12-af59-26a62e393357.json,,,False,already_on_upstream
41091782836296,RF-E12US-WA,F120U | Case Fans | White,CaseFan,NZXT,White,present,model/color/year/frame-size/quantity/flow-direction match,51062dd1-d228-4e06-be62-3dabeb6d1815,,0mjjixxpp,add,open-db/CaseFan/51062dd1-d228-4e06-be62-3dabeb6d1815.json,already_present,https://nzxt.com/products/f120u?variant=41091782836296,https://nzxt.com/files/Etail_Ultra_Fan120_WH_Carousel_Hero_EN.png,https://cdn.shopify.com/s/files/1/1986/9305/files/Etail_Ultra_Fan120_WH_Carousel_Hero_EN.png?v=1779702616,OpenDB files prepared: open-db/CaseFan/51062dd1-d228-4e06-be62-3dabeb6d1815.json,,,False,already_on_upstream
41091782869064,RF-E12US-BA,F120U | Case Fans | Black,CaseFan,NZXT,Black,present,model/color/year/frame-size/quantity/flow-direction match,efb7cc39-e2d8-4368-9ec5-55f288b42f79,,oa992nap1,add,open-db/CaseFan/efb7cc39-e2d8-4368-9ec5-55f288b42f79.json,already_present,https://nzxt.com/products/f120u?variant=41091782869064,https://nzxt.com/files/Etail_Ultra_Fan120_BK_Carousel_Hero_EN.png,https://cdn.shopify.com/s/files/1/1986/9305/files/Etail_Ultra_Fan120_BK_Carousel_Hero_EN.png?v=1779702616,OpenDB files prepared: open-db/CaseFan/efb7cc39-e2d8-4368-9ec5-55f288b42f79.json,,,False,already_on_upstream
41091782344776,RF-R212S-WF,F120 RGB | Case Fans | White,CaseFan,NZXT,White,present,model/color/year/frame-size/quantity/flow-direction match,a51161f3-7b3f-46be-98eb-b05ad0f335f3,,ws3t8grp5,add,open-db/CaseFan/a51161f3-7b3f-46be-98eb-b05ad0f335f3.json,already_present,https://nzxt.com/products/f120-rgb?variant=41091782344776,https://nzxt.com/files/Etail_F120_RGB_White_Carousel_Hero_EN.png,https://cdn.shopify.com/s/files/1/1986/9305/files/Etail_F120_RGB_White_Carousel_Hero_EN.png?v=1779267879,OpenDB files prepared: open-db/CaseFan/a51161f3-7b3f-46be-98eb-b05ad0f335f3.json,,,False,already_on_upstream
41091782377544,RF-R212S-BF,F120 RGB | Case Fans | Black,CaseFan,NZXT,Black,present,model/color/year/frame-size/quantity/flow-direction match,c7f9c76b-7bc4-4eb1-9265-318079afda63,,xakwtoepa,add,open-db/CaseFan/c7f9c76b-7bc4-4eb1-9265-318079afda63.json,already_present,https://nzxt.com/products/f120-rgb?variant=41091782377544,https://nzxt.com/files/Etail_F120_RGB_Black_Carousel_Hero_EN.png,https://cdn.shopify.com/s/files/1/1986/9305/files/Etail_F120_RGB_Black_Carousel_Hero_EN.png?v=1779267879,OpenDB files prepared: open-db/CaseFan/c7f9c76b-7bc4-4eb1-9265-318079afda63.json,,,False,already_on_upstream
40776959131720,RF-U36PN-B1,F360X | Case Fans | Black,CaseFan,NZXT,Black,missing,no match,4a2af1fb-ef14-4f34-84f2-3096fa1b300a,,,add,open-db/CaseFan/4a2af1fb-ef14-4f34-84f2-3096fa1b300a.json,no_live_record,https://nzxt.com/products/f360x?variant=40776959131720,https://nzxt.com/files/Etail_F360X_Black_Carousel_Hero_EN.png,https://cdn.shopify.com/s/files/1/1986/9305/files/Etail_F360X_Black_Carousel_Hero_EN.png?v=1761638142,OpenDB files prepared: open-db/CaseFan/4a2af1fb-ef14-4f34-84f2-3096fa1b300a.json,,,False,add
40776959164488,RF-U36PN-W1,F360X | Case Fans | White,CaseFan,NZXT,White,missing,no match,1bea00b4-fe59-4f6e-a9bd-58e3e24860d5,,,add,open-db/CaseFan/1bea00b4-fe59-4f6e-a9bd-58e3e24860d5.json,no_live_record,https://nzxt.com/products/f360x?variant=40776959164488,https://nzxt.com/files/Etail_F360X_White_Carousel_Hero_EN.png,https://cdn.shopify.com/s/files/1/1986/9305/files/Etail_F360X_White_Carousel_Hero_EN.png?v=1773043817,OpenDB files prepared: open-db/CaseFan/1bea00b4-fe59-4f6e-a9bd-58e3e24860d5.json,,,False,add
40776489238600,RF-U28PN-B1,F280X | Case Fans | Black,CaseFan,NZXT,Black,missing,no match,eb3cddee-d36a-4eef-9e6e-8579b52a00c2,,,add,open-db/CaseFan/eb3cddee-d36a-4eef-9e6e-8579b52a00c2.json,no_live_record,https://nzxt.com/products/f280x?variant=40776489238600,https://nzxt.com/files/Etail_F280X_Black_Carousel_Hero_EN.png,https://cdn.shopify.com/s/files/1/1986/9305/files/Etail_F280X_Black_Carousel_Hero_EN.png?v=1761637533,OpenDB files prepared: open-db/CaseFan/eb3cddee-d36a-4eef-9e6e-8579b52a00c2.json,,,False,add
40776489271368,RF-U28PN-W1,F280X | Case Fans | White,CaseFan,NZXT,White,missing,no match,f6ecf411-4fb8-4e31-b20e-cd427af572c6,,,add,open-db/CaseFan/f6ecf411-4fb8-4e31-b20e-cd427af572c6.json,no_live_record,https://nzxt.com/products/f280x?variant=40776489271368,https://nzxt.com/files/Etail_F280X_White_Carousel_Hero_EN.png,https://cdn.shopify.com/s/files/1/1986/9305/files/Etail_F280X_White_Carousel_Hero_EN.png?v=1773043973,OpenDB files prepared: open-db/CaseFan/f6ecf411-4fb8-4e31-b20e-cd427af572c6.json,,,False,add
40775481524296,RF-U24PN-B1,F240X | Case Fans | Black,CaseFan,NZXT,Black,missing,no match,2487690c-2b0e-4a3b-aec4-f34f3c8277ed,,,add,open-db/CaseFan/2487690c-2b0e-4a3b-aec4-f34f3c8277ed.json,no_live_record,https://nzxt.com/products/f240x?variant=40775481524296,https://nzxt.com/files/Etail_F240X_Black_Carousel_Hero_EN.png,https://cdn.shopify.com/s/files/1/1986/9305/files/Etail_F240X_Black_Carousel_Hero_EN.png?v=1761636973,OpenDB files prepared: open-db/CaseFan/2487690c-2b0e-4a3b-aec4-f34f3c8277ed.json,,,False,add
40775481557064,RF-U24PN-W1,F240X | Case Fans | White,CaseFan,NZXT,White,missing,no match,1062b64a-0d5d-4fdb-8886-b23e2ac47c88,,,add,open-db/CaseFan/1062b64a-0d5d-4fdb-8886-b23e2ac47c88.json,no_live_record,https://nzxt.com/products/f240x?variant=40775481557064,https://nzxt.com/files/Etail_F240X_White_Carousel_Hero_EN.png,https://cdn.shopify.com/s/files/1/1986/9305/files/Etail_F240X_White_Carousel_Hero_EN.png?v=1773044111,OpenDB files prepared: open-db/CaseFan/1062b64a-0d5d-4fdb-8886-b23e2ac47c88.json,,,False,add
40774385270856,RF-U14PN-B1,F140X | Case Fans | Black,CaseFan,NZXT,Black,missing,no match,7e5c7c6a-9dfe-4252-96ba-ab0b66ec8e95,,,add,open-db/CaseFan/7e5c7c6a-9dfe-4252-96ba-ab0b66ec8e95.json,no_live_record,https://nzxt.com/products/f140x?variant=40774385270856,https://nzxt.com/files/Etail_F140X_Black_Carousel_Hero_EN.png,https://cdn.shopify.com/s/files/1/1986/9305/files/Etail_F140X_Black_Carousel_Hero_EN.png?v=1761636067,OpenDB files prepared: open-db/CaseFan/7e5c7c6a-9dfe-4252-96ba-ab0b66ec8e95.json,,,False,add
40774385303624,RF-U14PN-W1,F140X | Case Fans | White,CaseFan,NZXT,White,missing,no match,4d45a880-6690-404e-9b90-a21149487e22,,,add,open-db/CaseFan/4d45a880-6690-404e-9b90-a21149487e22.json,no_live_record,https://nzxt.com/products/f140x?variant=40774385303624,https://nzxt.com/files/Etail_F140X_White_Carousel_Hero_EN.png,https://cdn.shopify.com/s/files/1/1986/9305/files/Etail_F140X_White_Carousel_Hero_EN.png?v=1773044140,OpenDB files prepared: open-db/CaseFan/4d45a880-6690-404e-9b90-a21149487e22.json,,,False,add
40774035734600,RF-U12PN-B1,F120X | Case Fans | Black,CaseFan,NZXT,Black,missing,no match,7740c1f5-abac-4da5-9a08-41d2f343fe29,,,add,open-db/CaseFan/7740c1f5-abac-4da5-9a08-41d2f343fe29.json,no_live_record,https://nzxt.com/products/f120x?variant=40774035734600,https://nzxt.com/files/Etail_F120X_Black_Carousel_Hero_EN.png,https://cdn.shopify.com/s/files/1/1986/9305/files/Etail_F120X_Black_Carousel_Hero_EN.png?v=1761553068,OpenDB files prepared: open-db/CaseFan/7740c1f5-abac-4da5-9a08-41d2f343fe29.json,,,False,add
40774035767368,RF-U12PN-W1,F120X | Case Fans | White,CaseFan,NZXT,White,missing,no match,0456388f-ba91-439a-86ec-681419c59954,,,add,open-db/CaseFan/0456388f-ba91-439a-86ec-681419c59954.json,no_live_record,https://nzxt.com/products/f120x?variant=40774035767368,https://nzxt.com/files/Etail_F120X_White_Carousel_Hero_EN.png,https://cdn.shopify.com/s/files/1/1986/9305/files/Etail_F120X_White_Carousel_Hero_EN.png?v=1773044179,OpenDB files prepared: open-db/CaseFan/0456388f-ba91-439a-86ec-681419c59954.json,,,False,add
40575821807688,RF-C12SF-W1,F120 RGB Core Fans | Case Fans | White,CaseFan,NZXT,White,present,manufacturer part number,b494adc6-6197-4807-b2fc-38804efc3fb1,open-db/CaseFan/b494adc6-6197-4807-b2fc-38804efc3fb1.json,doge0wuxb,none,,already_present,https://nzxt.com/products/f120-core-rgb-1?variant=40575821807688,https://nzxt.com/files/f120-rgb-core-fan-angled-upward-left-side-view-white.png,https://cdn.shopify.com/s/files/1/1986/9305/files/f120-rgb-core-fan-angled-upward-left-side-view-white.png?v=1762528161,,810074843034,True,False,no_component_change
40575821840456,RF-C12SF-B1,F120 RGB Core Fans | Case Fans | Black,CaseFan,NZXT,Black,present,manufacturer part number,7beaa520-44bf-45e3-aae7-d961c7047aed,open-db/CaseFan/7beaa520-44bf-45e3-aae7-d961c7047aed.json,mhorio6gf,none,,already_present,https://nzxt.com/products/f120-core-rgb-1?variant=40575821840456,https://nzxt.com/files/f120-rgb-core-fan-angled-upward-left-side-view-black.png,https://cdn.shopify.com/s/files/1/1986/9305/files/f120-rgb-core-fan-angled-upward-left-side-view-black.png?v=1744769349,,810074843027,True,False,no_component_change
40575821774920,RF-D12SF-W1,F120 RGB Duo | Case Fans | White,CaseFan,NZXT,White,present,manufacturer part number,cbcc8e84-0abb-4835-a593-88ef9a34339f,open-db/CaseFan/cbcc8e84-0abb-4835-a593-88ef9a34339f.json,leseobkgt,none,,already_present,https://nzxt.com/products/f120-rgb-duo?variant=40575821774920,https://nzxt.com/files/f120-rgb-duo-fan-angled-upward-left-side-view-white.png,https://cdn.shopify.com/s/files/1/1986/9305/files/f120-rgb-duo-fan-angled-upward-left-side-view-white.png?v=1762528161,,810074840910,True,False,no_component_change
40575821742152,RF-D12SF-B1,F120 RGB Duo | Case Fans | Black,CaseFan,NZXT,Black,present,manufacturer part number,6a8ff99f-bf95-4baa-a5d6-b4395864c9b5,open-db/CaseFan/6a8ff99f-bf95-4baa-a5d6-b4395864c9b5.json,2jn23ra9u,none,,already_present,https://nzxt.com/products/f120-rgb-duo?variant=40575821742152,https://nzxt.com/files/f120-rgb-duo-fan-angled-upward-left-side-view-black.png,https://cdn.shopify.com/s/files/1/1986/9305/files/f120-rgb-duo-fan-angled-upward-left-side-view-black.png?v=1744775205,,810074840903,True,False,no_component_change
40575821676616,RF-D12TF-W1,F120 RGB Duo Triple Pack | Case Fans | White,CaseFan,NZXT,White,present,manufacturer part number,1d77b1a9-bb0d-4d2a-bfd3-43196c97ccbe,open-db/CaseFan/1d77b1a9-bb0d-4d2a-bfd3-43196c97ccbe.json,1su7nub6b,none,,already_present,https://nzxt.com/products/f120-rgb-duo-triple-pack?variant=40575821676616,https://nzxt.com/files/f120-rgb-duo-triple-pack-with-rgb-controller-left-side-angle-view-white.png,https://cdn.shopify.com/s/files/1/1986/9305/files/f120-rgb-duo-triple-pack-with-rgb-controller-left-side-angle-view-white.png?v=1762528161,,810074840958,True,False,no_component_change
40575821709384,RF-D12TF-B1,F120 RGB Duo Triple Pack | Case Fans | Black,CaseFan,NZXT,Black,present,manufacturer part number,a2ba7440-bf14-455f-afff-075253770fe8,open-db/CaseFan/a2ba7440-bf14-455f-afff-075253770fe8.json,ubgx1kbep,none,,already_present,https://nzxt.com/products/f120-rgb-duo-triple-pack?variant=40575821709384,https://nzxt.com/files/f120-rgb-duo-triple-pack-with-rgb-controller-left-side-angle-view-black.png,https://cdn.shopify.com/s/files/1/1986/9305/files/f120-rgb-duo-triple-pack-with-rgb-controller-left-side-angle-view-black.png?v=1744776042,,810074840941,True,False,no_component_change
40575821578312,RF-P12SF-W2,F120P | Case Fans | White,CaseFan,NZXT,White,present,manufacturer part number,8c39bd60-0f15-42b4-bf58-2593d18c91d2,open-db/CaseFan/8c39bd60-0f15-42b4-bf58-2593d18c91d2.json,1ofyxt4hl,none,,already_present,https://nzxt.com/products/f120p?variant=40575821578312,https://nzxt.com/files/f120p-hero-white.png,https://cdn.shopify.com/s/files/1/1986/9305/files/f120p-hero-white.png?v=1762528159,,810074844451,True,False,no_component_change
40575821545544,RF-P12SF-B2,F120P | Case Fans | Black,CaseFan,NZXT,Black,present,manufacturer part number,54052cc2-ec1c-4ca2-9556-6ee75a0f154a,open-db/CaseFan/54052cc2-ec1c-4ca2-9556-6ee75a0f154a.json,7hpk0c62z,none,,already_present,https://nzxt.com/products/f120p?variant=40575821545544,https://nzxt.com/files/f120p-hero-black.png,https://cdn.shopify.com/s/files/1/1986/9305/files/f120p-hero-black.png?v=1744776870,,810074844444,True,False,no_component_change
40575821480008,RF-Q12SF-W2,F120Q | Case Fans | White,CaseFan,NZXT,White,present,manufacturer part number,9c832b0d-d416-481e-8164-09e651b90c06,open-db/CaseFan/9c832b0d-d416-481e-8164-09e651b90c06.json,n830wvkzr,none,,already_present,https://nzxt.com/products/f120q?variant=40575821480008,https://nzxt.com/files/f120q-hero-white.png,https://cdn.shopify.com/s/files/1/1986/9305/files/f120q-hero-white.png?v=1762528156,,810074844413,True,False,no_component_change
40575821447240,RF-Q12SF-B2,F120Q | Case Fans | Black,CaseFan,NZXT,Black,present,manufacturer part number,24bfcb44-b193-4a96-bf0b-74d88f3c9450 | 6933c88f-f49b-4a7a-b3c0-e2d9f35d1096,open-db/CaseFan/24bfcb44-b193-4a96-bf0b-74d88f3c9450.json | open-db/CaseFan/6933c88f-f49b-4a7a-b3c0-e2d9f35d1096.json,cvbczzuqb | uwkgeafpu,none,,already_present,https://nzxt.com/products/f120q?variant=40575821447240,https://nzxt.com/files/f120q-hero-black.png,https://cdn.shopify.com/s/files/1/1986/9305/files/f120q-hero-black.png?v=1749678513,Multiple catalog records share this SKU; retained without deletion.,810074844406,True,False,no_component_change
40575821119560,RF-D14DF-W1,F140 RGB Duo Twin Pack | Case Fans | White,CaseFan,NZXT,White,present,manufacturer part number,ddb929d3-5043-4ab5-8eb5-4481ab5fbf31,open-db/CaseFan/ddb929d3-5043-4ab5-8eb5-4481ab5fbf31.json,a80lc9ukn,none,,already_present,https://nzxt.com/products/f140-rgb-duo-twin-pack?variant=40575821119560,https://nzxt.com/files/f140-rgb-duo-twin-pack-with-rgb-controller-left-side-angle-view-white.png,https://cdn.shopify.com/s/files/1/1986/9305/files/f140-rgb-duo-twin-pack-with-rgb-controller-left-side-angle-view-white.png?v=1762528151,,810074840972,True,False,no_component_change
40575821086792,RF-D14DF-B1,F140 RGB Duo Twin Pack | Case Fans | Black,CaseFan,NZXT,Black,present,manufacturer part number,13069b07-7e75-4a40-9e69-724f159f140d,open-db/CaseFan/13069b07-7e75-4a40-9e69-724f159f140d.json,itetve6jg,none,,already_present,https://nzxt.com/products/f140-rgb-duo-twin-pack?variant=40575821086792,https://nzxt.com/files/f140-rgb-duo-twin-pack-with-rgb-controller-left-side-angle-view-black.png,https://cdn.shopify.com/s/files/1/1986/9305/files/f140-rgb-duo-twin-pack-with-rgb-controller-left-side-angle-view-black.png?v=1744785520,,810074840965,True,False,no_component_change
40575820988488,RF-P14SF-W2,F140P | Case Fans | White,CaseFan,NZXT,White,present,manufacturer part number,827c6784-9803-46d8-ab58-389ae0272d71,open-db/CaseFan/827c6784-9803-46d8-ab58-389ae0272d71.json,fyuk7mhze,none,,already_present,https://nzxt.com/products/f140p?variant=40575820988488,https://nzxt.com/files/f140p-hero-white.png,https://cdn.shopify.com/s/files/1/1986/9305/files/f140p-hero-white.png?v=1762528149,,810074844475,True,False,no_component_change
40575820955720,RF-P14SF-B2,F140P | Case Fans | Black,CaseFan,NZXT,Black,present,manufacturer part number,8ebc5677-794e-4eb6-9cb4-7c0390a86af0,open-db/CaseFan/8ebc5677-794e-4eb6-9cb4-7c0390a86af0.json,zirjpy65c,none,,already_present,https://nzxt.com/products/f140p?variant=40575820955720,https://nzxt.com/files/f140p-hero-black.png,https://cdn.shopify.com/s/files/1/1986/9305/files/f140p-hero-black.png?v=1744778568,,810074844468,True,False,no_component_change
40575820857416,RF-Q14SF-W2,F140Q | Case Fans | White,CaseFan,NZXT,White,present,manufacturer part number,3e19db7b-e8de-4eae-b982-49cba21df90e,open-db/CaseFan/3e19db7b-e8de-4eae-b982-49cba21df90e.json,hlroj8cev,none,,already_present,https://nzxt.com/products/f140q?variant=40575820857416,https://nzxt.com/files/f140q-hero-white.png,https://cdn.shopify.com/s/files/1/1986/9305/files/f140q-hero-white.png?v=1762528146,,810074844437,True,False,no_component_change
40575820824648,RF-Q14SF-B2,F140Q | Case Fans | Black,CaseFan,NZXT,Black,present,manufacturer part number,955719c1-1d38-4cd6-8310-865c14e6a492,open-db/CaseFan/955719c1-1d38-4cd6-8310-865c14e6a492.json,jzr451cqt,none,,already_present,https://nzxt.com/products/f140q?variant=40575820824648,https://nzxt.com/files/f140q-hero-black.png,https://cdn.shopify.com/s/files/1/1986/9305/files/f140q-hero-black.png?v=1744783576,,810074844420,True,False,no_component_change
40575820693576,RF-C14SF-W1,F140 RGB Core | Case Fans | White,CaseFan,NZXT,White,present,manufacturer part number,8b8003f2-6973-4f6f-b65c-9f0f48bba576,open-db/CaseFan/8b8003f2-6973-4f6f-b65c-9f0f48bba576.json,sas957v8o,none,,already_present,https://nzxt.com/products/f140-core-rgb?variant=40575820693576,https://nzxt.com/files/f140-rgb-core-fan-angled-upward-left-side-view-white.png,https://cdn.shopify.com/s/files/1/1986/9305/files/f140-rgb-core-fan-angled-upward-left-side-view-white.png?v=1762528144,,810074843058,True,False,no_component_change
40575820726344,RF-C14SF-B1,F140 RGB Core | Case Fans | Black,CaseFan,NZXT,Black,present,manufacturer part number,549c0e31-65d1-4b00-a7e1-127799ddf5c8,open-db/CaseFan/549c0e31-65d1-4b00-a7e1-127799ddf5c8.json,2u55vgfo3,none,,already_present,https://nzxt.com/products/f140-core-rgb?variant=40575820726344,https://nzxt.com/files/f140-rgb-core-fan-angled-upward-left-side-view-black.png,https://cdn.shopify.com/s/files/1/1986/9305/files/f140-rgb-core-fan-angled-upward-left-side-view-black.png?v=1744784256,,810074843041,True,False,no_component_change
40575820595272,RF-U24HF-W1,F240 RGB Core | Case Fans | White,CaseFan,NZXT,White,present,manufacturer part number,1aa2523f-6191-497a-b9c6-367a76f567b9,open-db/CaseFan/1aa2523f-6191-497a-b9c6-367a76f567b9.json,otvjhgkmp,none,,already_present,https://nzxt.com/products/f240-rgb-core?variant=40575820595272,https://nzxt.com/files/f240-rgb-core-hero-white.png,https://cdn.shopify.com/s/files/1/1986/9305/files/f240-rgb-core-hero-white.png?v=1762528139,,810074844499,True,False,no_component_change
40575820562504,RF-U24HF-B1,F240 RGB Core | Case Fans | Black,CaseFan,NZXT,Black,present,manufacturer part number,4ed7e5af-82a9-4282-96fe-393f88fb9cb7,open-db/CaseFan/4ed7e5af-82a9-4282-96fe-393f88fb9cb7.json,1nwow5rbs,none,,already_present,https://nzxt.com/products/f240-rgb-core?variant=40575820562504,https://nzxt.com/files/f240-rgb-core-hero-black.png,https://cdn.shopify.com/s/files/1/1986/9305/files/f240-rgb-core-hero-black.png?v=1746037578,,810074844482,True,False,no_component_change
40575820496968,RF-U28HF-W1,F280 RGB Core | Case Fans | White,CaseFan,NZXT,White,present,manufacturer part number,828bc67f-a06f-49de-a79b-75e86951c020,open-db/CaseFan/828bc67f-a06f-49de-a79b-75e86951c020.json,1u1t6i17j,none,,already_present,https://nzxt.com/products/f280-rgb-core?variant=40575820496968,https://nzxt.com/,https://cdn.shopify.com/s/files/1/1986/9305/files/f280-rgb-core_white_01_hero.png?v=1789171384,,810074844512,True,False,no_component_change
40575820529736,RF-U28HF-B1,F280 RGB Core | Case Fans | Black,CaseFan,NZXT,Black,present,manufacturer part number,80547aed-f893-44b8-8d92-6997bbf1f983,open-db/CaseFan/80547aed-f893-44b8-8d92-6997bbf1f983.json,gsbi1534z,none,,already_present,https://nzxt.com/products/f280-rgb-core?variant=40575820529736,https://nzxt.com/,https://cdn.shopify.com/s/files/1/1986/9305/files/f280-rgb-core_black_01_hero.png?v=1789171659,,810074844505,True,False,no_component_change
40575820431432,RF-U36HF-W1,F360 RGB Core | Case Fans | White,CaseFan,NZXT,White,present,manufacturer part number,420fb795-94d3-4fea-ae9e-367e2a8bf22c,open-db/CaseFan/420fb795-94d3-4fea-ae9e-367e2a8bf22c.json,2qq22yiua,none,,already_present,https://nzxt.com/products/f360-rgb-core?variant=40575820431432,https://nzxt.com/files/f360-rgb-core-hero-white.png,https://cdn.shopify.com/s/files/1/1986/9305/files/f360-rgb-core-hero-white.png?v=1762528139,,810074844536,True,False,no_component_change
40575820464200,RF-U36HF-B1,F360 RGB Core | Case Fans | Black,CaseFan,NZXT,Black,present,manufacturer part number,e21a52f5-4b38-41ac-8c59-5f5aa7c7ad49,open-db/CaseFan/e21a52f5-4b38-41ac-8c59-5f5aa7c7ad49.json,qkhh036zq,none,,already_present,https://nzxt.com/products/f360-rgb-core?variant=40575820464200,https://nzxt.com/files/f360-rgb-core-hero-black.png,https://cdn.shopify.com/s/files/1/1986/9305/files/f360-rgb-core-hero-black.png?v=1744787795,,810074844529,True,False,no_component_change
40575815385160,RF-U42HF-W1,F420 RGB Core | Case Fans | White,CaseFan,NZXT,White,present,manufacturer part number,8eb6b290-eccf-4407-9ddc-5d6c836a2fb6,open-db/CaseFan/8eb6b290-eccf-4407-9ddc-5d6c836a2fb6.json,e3flkhcva,none,,already_present,https://nzxt.com/products/f420-rgb-core?variant=40575815385160,https://nzxt.com/files/etail_f420-rgb-core_white_carousel_hero_en.png,https://cdn.shopify.com/s/files/1/1986/9305/files/etail_f420-rgb-core_white_carousel_hero_en.png?v=1762528061,,810074844598,True,False,no_component_change
40575815417928,RF-U42HF-B1,F420 RGB Core | Case Fans | Black,CaseFan,NZXT,Black,present,manufacturer part number,f317f03b-9b96-4c7d-9fc6-a11c566232aa,open-db/CaseFan/f317f03b-9b96-4c7d-9fc6-a11c566232aa.json,r8diqrbrl,none,,already_present,https://nzxt.com/products/f420-rgb-core?variant=40575815417928,https://nzxt.com/files/etail_f420-rgb-core_black_carousel_hero_en.png,https://cdn.shopify.com/s/files/1/1986/9305/files/etail_f420-rgb-core_black_carousel_hero_en.png?v=1744788623,,810074844581,True,False,no_component_change
40575818793032,N7-B65XT-W1,N7 B650E | Motherboards | White,Motherboard,NZXT,White,present,manufacturer part number,9fe02aec-5837-4b53-9f7e-ca382780dc98,open-db/Motherboard/9fe02aec-5837-4b53-9f7e-ca382780dc98.json,mihyrdtz2,none,,already_present,https://nzxt.com/products/n7-b650e-motherboard?variant=40575818793032,https://nzxt.com/files/wyYp2g_c1c49d4e-8535-4869-8257-970ab5501d1b.png,https://cdn.shopify.com/s/files/1/1986/9305/files/wyYp2g_c1c49d4e-8535-4869-8257-970ab5501d1b.png?v=1762528112,,810074842884,True,False,no_component_change
40575818825800,N7-B65XT-B1,N7 B650E | Motherboards | Black,Motherboard,NZXT,Black,present,manufacturer part number,9cb8bc5b-c5ac-461c-bc85-5485ae8dc65e,open-db/Motherboard/9cb8bc5b-c5ac-461c-bc85-5485ae8dc65e.json,17qtob7qx,none,,already_present,https://nzxt.com/products/n7-b650e-motherboard?variant=40575818825800,https://nzxt.com/files/Faw24u_c79d46c9-9693-43bf-8bdb-91cc02fca227.png,https://cdn.shopify.com/s/files/1/1986/9305/files/Faw24u_c79d46c9-9693-43bf-8bdb-91cc02fca227.png?v=1744699960,,810074842884,True,False,no_component_change
40575818858568,N7-Z89XT-W1,N7 Z890 | Motherboards | White,Motherboard,NZXT,White,missing,no match,4f5c0e9d-a942-426d-b20c-96af974da9f3,,,add,open-db/Motherboard/4f5c0e9d-a942-426d-b20c-96af974da9f3.json,no_live_record,https://nzxt.com/products/n7-z890-motherboard?variant=40575818858568,https://nzxt.com/files/07_n7-z890_wh_main.png,https://cdn.shopify.com/s/files/1/1986/9305/files/07_n7-z890_wh_main.png?v=1749535634,OpenDB files prepared: open-db/Motherboard/4f5c0e9d-a942-426d-b20c-96af974da9f3.json,810074846264,True,False,add
40575818891336,N7-Z89XT-B1,N7 Z890 | Motherboards | Black,Motherboard,NZXT,Black,missing,no match,35d6522a-3be6-4884-a61d-f06283e18c1b,,,add,open-db/Motherboard/35d6522a-3be6-4884-a61d-f06283e18c1b.json,no_live_record,https://nzxt.com/products/n7-z890-motherboard?variant=40575818891336,https://nzxt.com/files/07_n7-z890_bk_main.png,https://cdn.shopify.com/s/files/1/1986/9305/files/07_n7-z890_bk_main.png?v=1762528115,OpenDB files prepared: open-db/Motherboard/35d6522a-3be6-4884-a61d-f06283e18c1b.json,810074846271,True,False,add
40575818924104,N9-X87XT-W1,N9 X870E | Motherboards | White,Motherboard,NZXT,White,present,manufacturer part number,6a912c4f-e7ff-4fa8-9c57-cd4d587f276a,open-db/Motherboard/6a912c4f-e7ff-4fa8-9c57-cd4d587f276a.json,lbtbzqs5i,none,,already_present,https://nzxt.com/products/n9-x870e-motherboard?variant=40575818924104,https://nzxt.com/files/n9-x870e-hero-front-angled-white-1_88becd96-3ce6-4714-85e6-58db4da4abe8.png,https://cdn.shopify.com/s/files/1/1986/9305/files/n9-x870e-hero-front-angled-white-1_88becd96-3ce6-4714-85e6-58db4da4abe8.png?v=1762528115,,810074847292,True,False,no_component_change
40575818956872,N9-X87XT-B1,N9 X870E | Motherboards | Black,Motherboard,NZXT,Black,present,manufacturer part number,43db8139-ffa6-4fc5-9e62-ab66706115b3,open-db/Motherboard/43db8139-ffa6-4fc5-9e62-ab66706115b3.json,3syie6jy2,none,,already_present,https://nzxt.com/products/n9-x870e-motherboard?variant=40575818956872,https://nzxt.com/files/n9-x870e-hero-front-angled-black.png,https://cdn.shopify.com/s/files/1/1986/9305/files/n9-x870e-hero-front-angled-black.png?v=1744978990,,810074847308,True,False,no_component_change
40575818989640,N9-Z89XT-W1,N9 Z890 | Motherboards | White,Motherboard,NZXT,White,missing,no match,d86efc6a-9df5-4358-b72c-9572d3f10df3,,,add,open-db/Motherboard/d86efc6a-9df5-4358-b72c-9572d3f10df3.json,no_live_record,https://nzxt.com/products/n9-z890-motherboard?variant=40575818989640,https://nzxt.com/files/1744171946-7wgabw.png,https://cdn.shopify.com/s/files/1/1986/9305/files/1744171946-7wgabw.png?v=1746176606,OpenDB files prepared: open-db/Motherboard/d86efc6a-9df5-4358-b72c-9572d3f10df3.json,810074846240,True,False,add
40575819022408,N9-Z89XT-B1,N9 Z890 | Motherboards | Black,Motherboard,NZXT,Black,present,manufacturer part number,df6a5c1c-0db2-45f1-8049-561c49ce6d61,open-db/Motherboard/df6a5c1c-0db2-45f1-8049-561c49ce6d61.json,otisqsz55,none,,filled_and_verified,https://nzxt.com/products/n9-z890-motherboard?variant=40575819022408,https://nzxt.com/files/1744171978-bfbz1s.png,https://cdn.shopify.com/s/files/1/1986/9305/files/1744171978-bfbz1s.png?v=1746176655,,810074846257,True,False,no_component_change
40636164046920,N7-B85XT-W1,N7 B850 | Motherboards | White,Motherboard,NZXT,White,missing,no match,16e9e6dd-04df-4dcb-93f3-92c03d94fe36,,,add,open-db/Motherboard/16e9e6dd-04df-4dcb-93f3-92c03d94fe36.json,no_live_record,https://nzxt.com/products/n7-b850?variant=40636164046920,https://nzxt.com/files/Etail_N7B850_White_Carousel_Hero_EN.png,https://cdn.shopify.com/s/files/1/1986/9305/files/Etail_N7B850_White_Carousel_Hero_EN.png?v=1758875183,OpenDB files prepared: open-db/Motherboard/16e9e6dd-04df-4dcb-93f3-92c03d94fe36.json,,,False,add
40636164079688,N7-B85XT-B1,N7 B850 | Motherboards | Black,Motherboard,NZXT,Black,missing,no match,ccf32b6c-bf9f-49f6-9f19-4197b2046430,,,add,open-db/Motherboard/ccf32b6c-bf9f-49f6-9f19-4197b2046430.json,no_live_record,https://nzxt.com/products/n7-b850?variant=40636164079688,https://nzxt.com/files/Etail_N7_B850_Black_Carousel_Hero_EN.png,https://cdn.shopify.com/s/files/1/1986/9305/files/Etail_N7_B850_Black_Carousel_Hero_EN.png?v=1758875502,OpenDB files prepared: open-db/Motherboard/ccf32b6c-bf9f-49f6-9f19-4197b2046430.json,,,False,add
41041178296392,PS-8G1BB-US,C850 SFX Gold | Power Supplies | Black,PSU,NZXT,Black,present,manufacturer part number,f026ce60-70b9-4ea7-9b47-b1a49cad9b86,open-db/PSU/f026ce60-70b9-4ea7-9b47-b1a49cad9b86.json,p4iurfsas,none,,already_present,https://nzxt.com/products/c850-sfx-gold?variant=41041178296392,https://nzxt.com/files/Etail_C850SFXGold_Carousel_Hero_EN.png,https://cdn.shopify.com/s/files/1/1986/9305/files/Etail_C850SFXGold_Carousel_Hero_EN.png?v=1770273254,,,,False,no_component_change
40798856314952,PA-0G3BB-US,C1000 Gold Core | Power Supplies | Black,PSU,NZXT,Black,missing,no match,725c0fc9-770f-46e0-b77f-7e3f7952ed59,,,add,open-db/PSU/725c0fc9-770f-46e0-b77f-7e3f7952ed59.json,no_live_record,https://nzxt.com/products/c1000-gold-core?variant=40798856314952,https://nzxt.com/,https://cdn.shopify.com/s/files/1/1986/9305/files/Etail_C1000GoldCore_Carousel_Hero_EN.png?v=1758743805,Conflicting MPN alias rejected: fa04b07e-26d0-4d0b-8dce-483c68018950 | OpenDB files prepared: open-db/PSU/725c0fc9-770f-46e0-b77f-7e3f7952ed59.json,810074849210,True,False,add
40798856347720,PA-8G3BB-US,C850 Gold Core | Power Supplies | Black,PSU,NZXT,Black,missing,no match,e2439f3e-84d2-4022-afde-92e1e136decb,,,add,open-db/PSU/e2439f3e-84d2-4022-afde-92e1e136decb.json,no_live_record,https://nzxt.com/products/c850-gold-core?variant=40798856347720,https://nzxt.com/,https://cdn.shopify.com/s/files/1/1986/9305/files/Etail_C850GoldCore_Carousel_Hero_EN.png?v=1758743876,OpenDB files prepared: open-db/PSU/e2439f3e-84d2-4022-afde-92e1e136decb.json,810074849166,True,False,add
40798856380488,PA-7G3BB-US,C750 Gold Core | Power Supplies | Black,PSU,NZXT,Black,missing,no match,6416391b-50d3-44f2-a80a-02073c8b7a80,,,add,open-db/PSU/6416391b-50d3-44f2-a80a-02073c8b7a80.json,no_live_record,https://nzxt.com/products/c750-gold-core?variant=40798856380488,https://nzxt.com/,https://cdn.shopify.com/s/files/1/1986/9305/files/Etail_C750GoldCore_Carousel_Hero_EN.png?v=1758743846,OpenDB files prepared: open-db/PSU/6416391b-50d3-44f2-a80a-02073c8b7a80.json,810074849111,True,False,add
40798928535624,PA-7B3BB-US,C750 Bronze | Power Supplies | Black,PSU,NZXT,Black,missing,no match,dbe67f78-c731-4e58-aeed-32a6f44263c3,,,add,open-db/PSU/dbe67f78-c731-4e58-aeed-32a6f44263c3.json,no_live_record,https://nzxt.com/products/c750-bronze-atx?variant=40798928535624,https://nzxt.com/,https://cdn.shopify.com/s/files/1/1986/9305/files/etail_c750-bronze-2025-carousel_hero_en.png?v=1762528253,OpenDB files prepared: open-db/PSU/dbe67f78-c731-4e58-aeed-32a6f44263c3.json,810074847711,True,False,add
40575822626888,PA-0G2BB-US,C1000 Gold ATX 3.1 | Power Supplies | Black,PSU,NZXT,Black,present,manufacturer part number,fa04b07e-26d0-4d0b-8dce-483c68018950,open-db/PSU/fa04b07e-26d0-4d0b-8dce-483c68018950.json,6u6iarmge,none,,already_present,https://nzxt.com/products/c1000-gold-atx?variant=40575822626888,https://nzxt.com/files/7PjIEa_cd45cf0c-ef3c-4fb1-880e-cff193f8f2f0.png,https://cdn.shopify.com/s/files/1/1986/9305/files/7PjIEa_cd45cf0c-ef3c-4fb1-880e-cff193f8f2f0.png?v=1762528178,,810074844772,True,False,no_component_change
40575822594120,PA-0G2BW-US,C1000 Gold ATX 3.1 | Power Supplies | White,PSU,NZXT,White,present,manufacturer part number,528c5c8e-36df-4bbc-96d3-3e88fcacc2fa,open-db/PSU/528c5c8e-36df-4bbc-96d3-3e88fcacc2fa.json,jj4obvy3x,none,,already_present,https://nzxt.com/products/c1000-gold-atx?variant=40575822594120,https://nzxt.com/files/c1000-gold-psu-hero-white.png,https://cdn.shopify.com/s/files/1/1986/9305/files/c1000-gold-psu-hero-white.png?v=1747103883,,810074846394,True,False,no_component_change
40575822528584,PA-2G2BB-US,C1200 Gold ATX 3.1 | Power Supplies | Black,PSU,NZXT,Black,present,manufacturer part number,d0a6a10a-ed8e-416f-8709-d5aec483256f,open-db/PSU/d0a6a10a-ed8e-416f-8709-d5aec483256f.json,ykfi5z2ct,none,,already_present,https://nzxt.com/products/c1200-gold-atx?variant=40575822528584,https://nzxt.com/files/8ByoCr_28a7399f-7db3-4afd-b878-776f75ffc579.png,https://cdn.shopify.com/s/files/1/1986/9305/files/8ByoCr_28a7399f-7db3-4afd-b878-776f75ffc579.png?v=1762528176,,810074844697,True,False,no_component_change
40575822495816,PA-2G2BW-US,C1200 Gold ATX 3.1 | Power Supplies | White,PSU,NZXT,White,present,manufacturer part number,79b5c23e-b32a-4e55-b0df-225fff99058a | 366d0bad-b460-4b94-b7dd-45c851347a0b,open-db/PSU/79b5c23e-b32a-4e55-b0df-225fff99058a.json | open-db/PSU/366d0bad-b460-4b94-b7dd-45c851347a0b.json,8eon51aqf | adf8adx6f,none,,already_present,https://nzxt.com/products/c1200-gold-atx?variant=40575822495816,https://nzxt.com/files/Umcrt6_d80fe337-326b-4689-be74-50cc73b3d63e.png,https://cdn.shopify.com/s/files/1/1986/9305/files/Umcrt6_d80fe337-326b-4689-be74-50cc73b3d63e.png?v=1747103827,Multiple catalog records share this SKU; retained without deletion.,810074846325,True,False,no_component_change
40798857363528,PA-5P1BB-US,C1500 Platinum ATX 3.1 | Power Supplies | Black,PSU,NZXT,Black,present,manufacturer part number,32d33967-f2e8-42ef-9021-2fd395c812fb,open-db/PSU/32d33967-f2e8-42ef-9021-2fd395c812fb.json,hbghmzyuj,none,,already_present,https://nzxt.com/products/c1500-platinum?variant=40798857363528,https://nzxt.com/,https://cdn.shopify.com/s/files/1/1986/9305/files/EnKZ5k_75152dda-0b8a-4f6a-b84b-35f5f335138b.png?v=1762528176,,810074843720,True,False,no_component_change
40575822364744,PA-8G2BB-US,C850 Gold ATX 3.1 | Power Supplies | Black,PSU,NZXT,Black,present,manufacturer part number,a5e2ece9-9d1d-4ca6-b7fa-61213df1ac99 | 01addd41-f14a-4bd7-b98c-8f0c43523ffd,open-db/PSU/a5e2ece9-9d1d-4ca6-b7fa-61213df1ac99.json | open-db/PSU/01addd41-f14a-4bd7-b98c-8f0c43523ffd.json,ofysoxvzi | bm3uemsq0,none,,already_present,https://nzxt.com/products/c850-gold-atx?variant=40575822364744,https://nzxt.com/files/puGma6_c1f2d9a8-2a1d-42bf-9a8a-fb8ebe72657a.png,https://cdn.shopify.com/s/files/1/1986/9305/files/puGma6_c1f2d9a8-2a1d-42bf-9a8a-fb8ebe72657a.png?v=1762528171,Multiple catalog records share this SKU; retained without deletion.,810074844857,True,False,no_component_change
40575822331976,PA-8G2BW-US,C850 Gold ATX 3.1 | Power Supplies | White,PSU,NZXT,White,present,manufacturer part number,65a7c3ea-6651-48a0-9c18-abfdfcbf78e0,open-db/PSU/65a7c3ea-6651-48a0-9c18-abfdfcbf78e0.json,2ve7nrelz,none,,already_present,https://nzxt.com/products/c850-gold-atx?variant=40575822331976,https://nzxt.com/files/UrL870_52c5e38b-8f1b-464a-88a9-6d117b1ce424.png,https://cdn.shopify.com/s/files/1/1986/9305/files/UrL870_52c5e38b-8f1b-464a-88a9-6d117b1ce424.png?v=1747103857,,810074846462,True,False,no_component_change
40798926274632,BA-MK120KBM-LG0,Logitech MK120 Corded Keyboard and Mouse Combo | Keyboards | Black,Keyboard,Logitech,Black,present,model/color/specification match; NZXT store SKU differs from manufacturer MPN,a64ff850-d0b2-480d-9b70-9b2286489836,open-db/Keyboard/a64ff850-d0b2-480d-9b70-9b2286489836.json,tw8it3gg4,none,,already_present,https://nzxt.com/products/mk120-usb-keyboard-mouse?variant=40798926274632,https://nzxt.com/files/MK120-Keyboard-Mouse-Combo-01.png,https://cdn.shopify.com/s/files/1/1986/9305/files/MK120-Keyboard-Mouse-Combo-01.png?v=1758178090,,,,False,no_component_change
40733705502792,BK-M701PBL-AU0,Asus ROG Azoth | Keyboards | Black,Keyboard,ASUS,Black,family_present_variant_review,model/color/specification match; NZXT store SKU differs from manufacturer MPN,d67d7bc7-bf18-48ef-a9ce-14424c8bb3ea,,xojs4xv3t,add,open-db/Keyboard/d67d7bc7-bf18-48ef-a9ce-14424c8bb3ea.json,needs_variant_review,https://nzxt.com/products/rog-azoth?variant=40733705502792,https://nzxt.com/files/ROG-Azoth-Keyboard-Black_01.png,https://cdn.shopify.com/s/files/1/1986/9305/files/ROG-Azoth-Keyboard-Black_01.png?v=1758310524,"Product family exists; feed omits switch and keyboard layout, and live record combines manufacturer SKUs/colors. Exact variant requires review. | OpenDB files prepared: open-db/Keyboard/d67d7bc7-bf18-48ef-a9ce-14424c8bb3ea.json",,,False,already_on_upstream
40733708779592,BK-M701PWH-AU0,Asus ROG Azoth | Keyboards | White,Keyboard,ASUS,White,family_present_variant_review,model/color/specification match; NZXT store SKU differs from manufacturer MPN,d67d7bc7-bf18-48ef-a9ce-14424c8bb3ea,,xojs4xv3t,add,open-db/Keyboard/d67d7bc7-bf18-48ef-a9ce-14424c8bb3ea.json,needs_variant_review,https://nzxt.com/products/rog-azoth?variant=40733708779592,https://nzxt.com/files/ROG-Azoth-Keyboard-White_01.png,https://cdn.shopify.com/s/files/1/1986/9305/files/ROG-Azoth-Keyboard-White_01.png?v=1758310583,"Product family exists; feed omits switch and keyboard layout, and live record combines manufacturer SKUs/colors. Exact variant requires review. | OpenDB files prepared: open-db/Keyboard/d67d7bc7-bf18-48ef-a9ce-14424c8bb3ea.json",,,False,already_on_upstream
40733710155848,BA-P713HBK-AU0,Asus ROG Harpe Ace Aim Lab Edition | Mice | Black,Mouse,ASUS,Black,present,model/color/specification match; NZXT store SKU differs from manufacturer MPN,b0454d39-832d-4da0-b870-abdd7683ae50,open-db/Mouse/b0454d39-832d-4da0-b870-abdd7683ae50.json,6t7byx04d,none,,already_present,https://nzxt.com/products/rog-harpe-ace-aim-lab-edition?variant=40733710155848,https://nzxt.com/files/ROG-Harpe-ACE-Black-01_be9c0de1-986b-49ee-88ea-f9dba73fb738.png,https://cdn.shopify.com/s/files/1/1986/9305/files/ROG-Harpe-ACE-Black-01_be9c0de1-986b-49ee-88ea-f9dba73fb738.png?v=1758311719,,,,False,no_component_change
40733710188616,BA-P713HWH-AU0,Asus ROG Harpe Ace Aim Lab Edition | Mice | White,Mouse,ASUS,White,present,model/color/specification match; NZXT store SKU differs from manufacturer MPN,955ab821-ddc4-41ea-bc7a-3a4ae8547b6f,open-db/Mouse/955ab821-ddc4-41ea-bc7a-3a4ae8547b6f.json,63qedb5z8,none,,already_present,https://nzxt.com/products/rog-harpe-ace-aim-lab-edition?variant=40733710188616,https://nzxt.com/files/ROG-Harpe-ACE-White-01.png,https://cdn.shopify.com/s/files/1/1986/9305/files/ROG-Harpe-ACE-White-01.png?v=1758311732,,,,False,no_component_change
40798921424968,MM-XLGPR-BK,NZXT Zone Elite XL | Mousepads | Black,Mousepad,NZXT,Black,missing,no match,c151c9b4-c125-487d-8812-04511be455c0,,,add,open-db/Mousepad/c151c9b4-c125-487d-8812-04511be455c0.json,no_live_record,https://nzxt.com/products/zone-elite-xl-mousepad?variant=40798921424968,https://nzxt.com/files/zone-elite-xlarge-hero-black.png,https://cdn.shopify.com/s/files/1/1986/9305/files/zone-elite-xlarge-hero-black.png?v=1762528183,OpenDB files prepared: open-db/Mousepad/c151c9b4-c125-487d-8812-04511be455c0.json,810074847193,True,False,add
40798926241864,MM-2XLPR-BK,NZXT Zone Elite (XXL) | Mousepads | Black,Mousepad,NZXT,Black,missing,no match,c316f433-284c-42bc-b016-0e0a476b2dbb,,,add,open-db/Mousepad/c316f433-284c-42bc-b016-0e0a476b2dbb.json,no_live_record,https://nzxt.com/products/zone-elite-xxl?variant=40798926241864,https://nzxt.com/files/zone-elite-xxlarge-hero-black_f48dd5ad-1da7-4b80-b749-3860e5c7e1ff.png,https://cdn.shopify.com/s/files/1/1986/9305/files/zone-elite-xxlarge-hero-black_f48dd5ad-1da7-4b80-b749-3860e5c7e1ff.png?v=1762528137,OpenDB files prepared: open-db/Mousepad/c316f433-284c-42bc-b016-0e0a476b2dbb.json,810074848022,True,False,add
40798922145864,MM-LRGPR-BK,NZXT Zone Elite | Mousepads | Black,Mousepad,NZXT,Black,missing,no match,d4b457a0-44f7-4914-8459-bbcd231cea8d,,,add,open-db/Mousepad/d4b457a0-44f7-4914-8459-bbcd231cea8d.json,no_live_record,https://nzxt.com/products/zone-elite-1?variant=40798922145864,https://nzxt.com/,https://cdn.shopify.com/s/files/1/1986/9305/files/zone-elite-large-hero-black.png?v=1762528134,OpenDB files prepared: open-db/Mousepad/d4b457a0-44f7-4914-8459-bbcd231cea8d.json,810074847186,True,False,add
40575818760264,MM-MXLSP-WW,MXP700 | Mousepads | White,Mousepad,NZXT,White,missing,no match,018a4c1c-503d-4b2a-a2cc-b153bb61364b,,,add,open-db/Mousepad/018a4c1c-503d-4b2a-a2cc-b153bb61364b.json,no_live_record,https://nzxt.com/products/mxp700?variant=40575818760264,https://nzxt.com/files/mousepad-medium-white-top.png,https://cdn.shopify.com/s/files/1/1986/9305/files/mousepad-medium-white-top.png?v=1746038508,OpenDB files prepared: open-db/Mousepad/018a4c1c-503d-4b2a-a2cc-b153bb61364b.json,815671016911,True,True,add
40575818727496,MM-MXLSP-GR,MXP700 | Mousepads | Grey,Mousepad,NZXT,Grey,missing,no match,82e9da7a-97cd-40f0-8761-42c15f45b95d,,,add,open-db/Mousepad/82e9da7a-97cd-40f0-8761-42c15f45b95d.json,no_live_record,https://nzxt.com/products/mxp700?variant=40575818727496,https://nzxt.com/files/mousepad-medium-grey-top.png,https://cdn.shopify.com/s/files/1/1986/9305/files/mousepad-medium-grey-top.png?v=1746038508,OpenDB files prepared: open-db/Mousepad/82e9da7a-97cd-40f0-8761-42c15f45b95d.json,815671016911,True,True,add
40575818694728,MM-MXLSP-BL,MXP700 | Mousepads | Black,Mousepad,NZXT,Black,missing,no match,bbd37106-52d0-448f-b35e-047d1ca99156,,,add,open-db/Mousepad/bbd37106-52d0-448f-b35e-047d1ca99156.json,no_live_record,https://nzxt.com/products/mxp700?variant=40575818694728,https://nzxt.com/files/mousepad-medium-black-top.png,https://cdn.shopify.com/s/files/1/1986/9305/files/mousepad-medium-black-top.png?v=1746038508,OpenDB files prepared: open-db/Mousepad/bbd37106-52d0-448f-b35e-047d1ca99156.json,815671016911,True,True,add
40575818661960,MM-SMSSP-WW,MMP400 | Mousepads | White,Mousepad,NZXT,White,missing,no match,b5850467-011a-4179-94d6-78c7cf19aabc,,,add,open-db/Mousepad/b5850467-011a-4179-94d6-78c7cf19aabc.json,no_live_record,https://nzxt.com/products/mmp400?variant=40575818661960,https://nzxt.com/files/mousepad-small-white-top.png,https://cdn.shopify.com/s/files/1/1986/9305/files/mousepad-small-white-top.png?v=1762528110,OpenDB files prepared: open-db/Mousepad/b5850467-011a-4179-94d6-78c7cf19aabc.json,815671016881,True,True,add
40575818629192,MM-SMSSP-GR,MMP400 | Mousepads | Grey,Mousepad,NZXT,Grey,missing,no match,8802a14d-f889-40df-b137-a5e68245c810,,,add,open-db/Mousepad/8802a14d-f889-40df-b137-a5e68245c810.json,no_live_record,https://nzxt.com/products/mmp400?variant=40575818629192,https://nzxt.com/files/mousepad-small-grey-top.png,https://cdn.shopify.com/s/files/1/1986/9305/files/mousepad-small-grey-top.png?v=1746038535,OpenDB files prepared: open-db/Mousepad/8802a14d-f889-40df-b137-a5e68245c810.json,815671016881,True,True,add
40575818596424,MM-SMSSP-BL,MMP400 | Mousepads | Black,Mousepad,NZXT,Black,missing,no match,22dd5edd-5e8f-4357-a01f-84cdaf3b004f,,,add,open-db/Mousepad/22dd5edd-5e8f-4357-a01f-84cdaf3b004f.json,no_live_record,https://nzxt.com/products/mmp400?variant=40575818596424,https://nzxt.com/files/mousepad-small-black-top.png,https://cdn.shopify.com/s/files/1/1986/9305/files/mousepad-small-black-top.png?v=1746038532,OpenDB files prepared: open-db/Mousepad/22dd5edd-5e8f-4357-a01f-84cdaf3b004f.json,815671016881,True,True,add
40575815286856,MM-XXLSP-WW,MXL900 | Mousepads | White,Mousepad,NZXT,White,missing,no match,11ab33ab-5588-4166-90a8-65d8b9de7124,,,add,open-db/Mousepad/11ab33ab-5588-4166-90a8-65d8b9de7124.json,no_live_record,https://nzxt.com/products/mxl900?variant=40575815286856,https://nzxt.com/files/mousepad-large-white-top.png,https://cdn.shopify.com/s/files/1/1986/9305/files/mousepad-large-white-top.png?v=1746038488,OpenDB files prepared: open-db/Mousepad/11ab33ab-5588-4166-90a8-65d8b9de7124.json,815671016942,True,True,add
40575815254088,MM-XXLSP-GR,MXL900 | Mousepads | Grey,Mousepad,NZXT,Grey,missing,no match,e34d3fe1-66dd-4e3d-8826-f89d75af6830,,,add,open-db/Mousepad/e34d3fe1-66dd-4e3d-8826-f89d75af6830.json,no_live_record,https://nzxt.com/products/mxl900?variant=40575815254088,https://nzxt.com/files/mousepad-large-grey-top.png,https://cdn.shopify.com/s/files/1/1986/9305/files/mousepad-large-grey-top.png?v=1746038488,OpenDB files prepared: open-db/Mousepad/e34d3fe1-66dd-4e3d-8826-f89d75af6830.json,815671016942,True,True,add
40575815221320,MM-XXLSP-BL,MXL900 | Mousepads | Black,Mousepad,NZXT,Black,missing,no match,8740abf5-c0ed-474f-83e2-78fe0e13cbb8,,,add,open-db/Mousepad/8740abf5-c0ed-474f-83e2-78fe0e13cbb8.json,no_live_record,https://nzxt.com/products/mxl900?variant=40575815221320,https://nzxt.com/files/mousepad-large-black-top.png,https://cdn.shopify.com/s/files/1/1986/9305/files/mousepad-large-black-top.png?v=1746038488,OpenDB files prepared: open-db/Mousepad/8740abf5-c0ed-474f-83e2-78fe0e13cbb8.json,815671016942,True,True,add
40798856609864,BD-275FFHD-MS0,MSI MAG 275F Monitor | Monitors | Black,Monitor,MSI,Black,present,model/color/specification match; NZXT store SKU differs from manufacturer MPN,7f569e09-be2c-466e-aecf-0092eaf4f4d4,open-db/Monitor/7f569e09-be2c-466e-aecf-0092eaf4f4d4.json,ysj1tyvq4,none,,already_present,https://nzxt.com/products/msi-mag-275f?variant=40798856609864,https://nzxt.com/files/MAG_275F_2.png,https://cdn.shopify.com/s/files/1/1986/9305/files/MAG_275F_2.png?v=1755257014,,,,False,no_component_change
40799296192584,BD-346CQHD-MS0,MSI MAG 346CQ UWQHD Monitor | Monitors | Black,Monitor,MSI,Black,present,model/color/specification match; NZXT store SKU differs from manufacturer MPN,96b6049e-f70f-4f93-b984-ed280123015d,open-db/Monitor/96b6049e-f70f-4f93-b984-ed280123015d.json,im0l4cs8w,none,,already_present,https://nzxt.com/products/mag-346cq-uwqhd?variant=40799296192584,https://nzxt.com/files/MAG_346CQ_2.png,https://cdn.shopify.com/s/files/1/1986/9305/files/MAG_346CQ_2.png?v=1755257767,,,,False,no_component_change
40798856544328,BD-27QOLED-MS0,MSI MAG 271QP | Monitors | Black,Monitor,MSI,Black,present,model/color/specification match; NZXT store SKU differs from manufacturer MPN,4ab1dd27-d51c-491a-b383-622acd632323,open-db/Monitor/4ab1dd27-d51c-491a-b383-622acd632323.json,roeulwbwd,none,,already_present,https://nzxt.com/products/msi-mag-271qp?variant=40798856544328,https://nzxt.com/,https://cdn.shopify.com/s/files/1/1986/9305/files/MAG-271QP_01.png?v=1758133689,,,,False,no_component_change
40799296618568,BD-275QQHD-MS0,MSI MAG 275QF | Monitors | Black,Monitor,MSI,Black,present,model/color/specification match; NZXT store SKU differs from manufacturer MPN,a5050f72-d49a-43fe-8012-d1acdc9199bb,open-db/Monitor/a5050f72-d49a-43fe-8012-d1acdc9199bb.json,krhyu6di1,none,,already_present,https://nzxt.com/products/msi-mag-275qf?variant=40799296618568,https://nzxt.com/files/MAG-275QF_01.png,https://cdn.shopify.com/s/files/1/1986/9305/files/MAG-275QF_01.png?v=1763368713,,,,False,no_component_change
41116316958792,PB1-1BAS102-BL,Player One | Prebuilt Gaming PCs | Black,PrebuiltDesktop,NZXT,Black,missing,no match,5f496a99-df12-457e-930f-04fc93396448,,,add,open-db/PrebuiltDesktop/5f496a99-df12-457e-930f-04fc93396448.json,no_live_record,https://nzxt.com/products/player-one?variant=41116316958792,https://nzxt.com/files/PlayerOneBase_hero_Black_Badge_071c9102-e80e-4e48-bb57-2fc05f18f2ca.png,https://cdn.shopify.com/s/files/1/1986/9305/files/PlayerOneBase_hero_Black_Badge_071c9102-e80e-4e48-bb57-2fc05f18f2ca.png?v=1788224747,OpenDB files prepared: open-db/PrebuiltDesktop/5f496a99-df12-457e-930f-04fc93396448.json,840465301805,True,False,add
41116317876296,PB1-1PRS102-BL,Player One Prime | Prebuilt Gaming PCs | Black,PrebuiltDesktop,NZXT,Black,missing,no match,d132d047-e86d-4134-a84f-390632f50ca8,,,add,open-db/PrebuiltDesktop/d132d047-e86d-4134-a84f-390632f50ca8.json,no_live_record,https://nzxt.com/products/player-one-prime?variant=41116317876296,https://nzxt.com/files/PlayerOnePrime_hero_black_badge_980d5bdc-ad3d-4d5f-babe-2e14aed93e9b.png,https://cdn.shopify.com/s/files/1/1986/9305/files/PlayerOnePrime_hero_black_badge_980d5bdc-ad3d-4d5f-babe-2e14aed93e9b.png?v=1788224807,OpenDB files prepared: open-db/PrebuiltDesktop/d132d047-e86d-4134-a84f-390632f50ca8.json,840465301812,True,False,add
41116557869128,PB1-2BAP102-BL,Player Two | Prebuilt Gaming PCs | Black,PrebuiltDesktop,NZXT,Black,missing,no match,7f7bf75b-2666-4988-bd97-88e77b821582,,,add,open-db/PrebuiltDesktop/7f7bf75b-2666-4988-bd97-88e77b821582.json,no_live_record,https://nzxt.com/products/player-two?variant=41116557869128,https://nzxt.com/files/PlayerTwoBase_hero_black_badge_9804c25b-a61f-4b02-ae9b-6ad4afdd408c.png,https://cdn.shopify.com/s/files/1/1986/9305/files/PlayerTwoBase_hero_black_badge_9804c25b-a61f-4b02-ae9b-6ad4afdd408c.png?v=1786049042,OpenDB files prepared: open-db/PrebuiltDesktop/7f7bf75b-2666-4988-bd97-88e77b821582.json,840465301621,True,False,add
41116612165704,PB1-2PRP101-BL,Player Two Prime | Prebuilt Gaming PCs | Black,PrebuiltDesktop,NZXT,Black,missing,no match,3b253012-44c3-4a2f-92ed-2e0901164947,,,add,open-db/PrebuiltDesktop/3b253012-44c3-4a2f-92ed-2e0901164947.json,no_live_record,https://nzxt.com/products/player-two-prime?variant=41116612165704,https://nzxt.com/files/PlayerTwoPrime_hero_black_bagde_260527_43d11dd5-c1bf-434f-925d-64e4e419c973.png,https://cdn.shopify.com/s/files/1/1986/9305/files/PlayerTwoPrime_hero_black_bagde_260527_43d11dd5-c1bf-434f-925d-64e4e419c973.png?v=1786045573,OpenDB files prepared: open-db/PrebuiltDesktop/3b253012-44c3-4a2f-92ed-2e0901164947.json,840465301560,True,False,add
41116619866184,PB1-2PRP101-WH,Player Two Prime | Prebuilt Gaming PCs | White,PrebuiltDesktop,NZXT,White,missing,no match,bab72497-a217-42bf-80fa-db1662d2cce8,,,add,open-db/PrebuiltDesktop/bab72497-a217-42bf-80fa-db1662d2cce8.json,no_live_record,https://nzxt.com/products/player-two-prime?variant=41116619866184,https://nzxt.com/files/PlayerTwoPrime_hero_white_badge_260527_abfd6d93-5a72-4b57-bae5-3bfa66e202e5.png,https://cdn.shopify.com/s/files/1/1986/9305/files/PlayerTwoPrime_hero_white_badge_260527_abfd6d93-5a72-4b57-bae5-3bfa66e202e5.png?v=1786045580,OpenDB files prepared: open-db/PrebuiltDesktop/bab72497-a217-42bf-80fa-db1662d2cce8.json,840465301577,True,False,add
41116516352072,PB1-3BAP101-BL,Player Three | Prebuilt Gaming PCs | Black,PrebuiltDesktop,NZXT,Black,missing,no match,444d7641-707b-42b4-9a04-a28e3d2b5e92,,,add,open-db/PrebuiltDesktop/444d7641-707b-42b4-9a04-a28e3d2b5e92.json,no_live_record,https://nzxt.com/products/player-three?variant=41116516352072,https://nzxt.com/files/PlayerThreeBase_hero_black_badge_b93ce020-da49-45b2-b789-8a2e7d707b84.png,https://cdn.shopify.com/s/files/1/1986/9305/files/PlayerThreeBase_hero_black_badge_b93ce020-da49-45b2-b789-8a2e7d707b84.png?v=1789148268,OpenDB files prepared: open-db/PrebuiltDesktop/444d7641-707b-42b4-9a04-a28e3d2b5e92.json,840465301584,True,False,add
41116555870280,PB1-3BAP101-WH,Player Three | Prebuilt Gaming PCs | White,PrebuiltDesktop,NZXT,White,missing,no match,ecfaaec6-7432-4fe9-b81d-b013571ae017,,,add,open-db/PrebuiltDesktop/ecfaaec6-7432-4fe9-b81d-b013571ae017.json,no_live_record,https://nzxt.com/products/player-three?variant=41116555870280,https://nzxt.com/files/PlayerThreeBase_hero_white_badge_98e77c01-180d-4849-a857-f3a43b24ea2b.png,https://cdn.shopify.com/s/files/1/1986/9305/files/PlayerThreeBase_hero_white_badge_98e77c01-180d-4849-a857-f3a43b24ea2b.png?v=1789148269,OpenDB files prepared: open-db/PrebuiltDesktop/ecfaaec6-7432-4fe9-b81d-b013571ae017.json,840465301591,True,False,add
41116516417608,PB1-3PRU101-BL,Player Three Prime | Prebuilt Gaming PCs | Black,PrebuiltDesktop,NZXT,Black,missing,no match,eba4b117-b87b-4acf-a368-f7b5f12f7885,,,add,open-db/PrebuiltDesktop/eba4b117-b87b-4acf-a368-f7b5f12f7885.json,no_live_record,https://nzxt.com/products/player-three-prime?variant=41116516417608,https://nzxt.com/files/PlayerThreePrime_hero_black_badge_ab40b299-d7bb-4f6c-9edc-62199209ae7f.png,https://cdn.shopify.com/s/files/1/1986/9305/files/PlayerThreePrime_hero_black_badge_ab40b299-d7bb-4f6c-9edc-62199209ae7f.png?v=1786045734,OpenDB files prepared: open-db/PrebuiltDesktop/eba4b117-b87b-4acf-a368-f7b5f12f7885.json,840465301317,True,True,add
41116779380808,PB1-3PRU101-WH,Player Three Prime | Prebuilt Gaming PCs | White,PrebuiltDesktop,NZXT,White,missing,no match,6e4478a9-fffe-4fde-b69d-3d3d6d0af280,,,add,open-db/PrebuiltDesktop/6e4478a9-fffe-4fde-b69d-3d3d6d0af280.json,no_live_record,https://nzxt.com/products/player-three-prime?variant=41116779380808,https://nzxt.com/files/PlayerThreePrime_hero_white_badge_7003ccb9-f925-4b63-9d7e-2ad93a40a58c.png,https://cdn.shopify.com/s/files/1/1986/9305/files/PlayerThreePrime_hero_white_badge_7003ccb9-f925-4b63-9d7e-2ad93a40a58c.png?v=1786045734,OpenDB files prepared: open-db/PrebuiltDesktop/6e4478a9-fffe-4fde-b69d-3d3d6d0af280.json,840465301317,True,True,add
