category,opendb_id,buildcores_id,name,part_numbers,on_current_feed,in_local_checkout_before,has_any_picture
PCCase,20245fbf-17d0-4fe2-a337-37fa7e51ece8,d29yh499o,NZXT H9 Elite ATX Mid Tower White with Tempered Glass Side Panel,,False,True,True
PCCase,a8d17240-a7a8-49f8-97fc-e09b1c20ecef,v0gjaqow2,"NZXT H3 Flow Micro ATX Mid Tower Black with Tinted Tempered Glass Side Panel and USB 3.2 Gen 2x2 Type-C, USB 3.2 Gen 1 Type-A Front Panel",CC-H31FB-01; CC-H31FB-02,True,True,True
PCCase,f71318da-b9dd-4800-954c-076c56958762,kdcigzkpj,NZXT H6 Flow RGB ATX Mid Tower Black Tempered Glass,CC-H61FB-R1,True,True,True
PCCase,2da4df71-b3a3-412a-b67c-d30f84c77d91,wx2cw4fph,NZXT H6 Flow RGB ATX Mid Tower White Tempered Glass,CC-H61FW-R1,True,True,True
PCCase,68e63b0e-7ce6-4660-84c5-ef9ee8fb7f88,tfmg9jlc9,"NZXT H5 Flow (2024) ATX Mid Tower Black with Tempered Glass Side Panel and USB 3.2 Gen 2x2 Type-C, USB 3.2 Gen 1 Type-A",CC-H52FB-01,True,True,True
PCCase,456a564c-2998-4260-b779-ee852852a829,p8zd4qy82,NZXT H2 Flow Black,CI-H21FB-01,True,True,True
PCCase,09fcde51-6af5-4b38-8f4e-eb3b9c020e52,dc5t3kfbv,NZXT H9 Flow ATX Mid Tower White with Tempered Glass Side Panel,,False,True,True
PCCase,15b80641-01d5-4412-928f-c6d327f2bb77,n0bcfx7bt,NZXT H9 Flow ATX Mid Tower Black Tempered Glass Side Panel,,False,True,True
PCCase,9302d1b4-a0b9-48b3-b84c-2a6d0d04478f,wwxaih9yg,"NZXT H510 Elite ATX Mid Tower White / Black Tempered Glass Side Panel, USB 3.2 Gen 2 Type-C, USB 3.2 Gen 1 Type-A",CA-H510E-W1,False,True,True
PCCase,9469ee8d-121b-4dd9-87ba-40858b67f5cd,7w986vx9n,"NZXT H9 Flow (2025) ATX Mid Tower Black Tinted Tempered Glass Side Panel, USB 3.2 Gen 2x2 Type-C, USB 3.2 Gen 1 Type-A",CM-H92FB-01; CM-H92FB-02,True,True,True
PCCase,f73a23ba-e91a-4d80-ab50-422abe6b2a05,g9ph7qz2s,NZXT H5 Flow RGB (2024) ATX Mid Tower Black Tempered Glass Side Panel,CC-H52FB-R1,True,True,True
PCCase,b5020a0f-1b6d-41df-acb0-f3c95c959600,tiye8iiim,NZXT H5 Flow (2024) ATX Mid Tower White with Tempered Glass Side Panel and USB 3.2 Gen 2x2 Type-C USB 3.2 Gen 1 Type-A,CC-H52FW-01,True,True,True
PCCase,253a5512-cfbb-4418-9d7c-fc8ace398562,fnerkkqar,NZXT H3 Flow Micro ATX Mid Tower White Tempered Glass Side Panel and USB 3.2 Gen 2x2 Type-C USB 3.2 Gen 1 Type-A,CC-H31FW-01; CC-H31FW-02,True,True,True
PCCase,d1c4ea4c-7e63-4086-951c-2a28ee297da7,o9bx9u9l7,NZXT H6 Flow ATX Mid Tower Black with Tempered Glass Side Panel,CC-H61FB-01,True,True,True
PCCase,7e43d4c9-667d-4c42-ba17-d5f7c0d4b147,df8r9kpya,NZXT H7 Elite - CM-H71EB-01 - ATX Mid Tower PC Gaming Case - Front I/O USB Type-C Port - Quick-Release Tempered Glass Side Panel - Black,CM-H71EB-01,False,True,True
PCCase,55b94e26-2495-4727-acff-6ac025396bcd,1rbt6hney,NZXT H6 (2026) ATX Mid Tower Black Tempered Glass,CC-H62FB-01,True,False,True
PCCase,6960793f-387a-4df5-9625-45a4f0d30bf1,5tp4sd6y6,"NZXT H5 Flow (2022) ATX Mid Tower Black with Tempered Glass Side Panel and USB 3.2 Gen 2x2 Type-C, USB 3.2 Gen 1 Type-A",,False,True,True
PCCase,1b469aa3-4afa-45e7-bc15-9170ccc163d8,by4s2bu7h,NZXT H9 Elite ATX Mid Tower Black Tempered Glass Side Panel,,False,True,True
PCCase,044572aa-2cb1-4b2a-b42d-e3554cc27309,bsv2vnalv,NZXT H7 Flow 2024 - Mid-Tower ATX Airflow Case - Includes Pre-Installed 3 x 120mm Fans - CM-H72FB-01 - Supports Bottom Fans for Dedicated GPU Cooling - Cable Management - Black,CM-H72FB-01; CM-H72FB-R1,True,True,True
PCCase,1cfc5507-214e-4298-8b00-715b565030fe,5tb4euddq,"NZXT H9 Flow RGB+ (2025) ATX Mid Tower Black with Tinted Tempered Glass Side Panel and USB 3.2 Gen 2x2 Type-C, USB 3.2 Gen 1 Type-A",CM-H92FB-P1; CM-H92FB-P2,True,True,True
PCCase,b1e0b4f0-0522-443b-94a2-309f67623bb7,84akyunya,NZXT H6 Flow ATX Mid Tower White Tempered Glass Side Panel,CC-H61FW-01,True,True,True
PCCase,553db8f9-88ec-4f0c-87e2-f3a56e135d09,6bidmklk3,NZXT H9 Flow RGB+ (2025) ATX Mid Tower White Tempered Glass,CM-H92FW-P1; CM-H92FW-P2,True,True,True
PCCase,03aec929-39f5-43c7-8396-3de12002b795,gh7e6oopp,NZXT H7 Flow (2024) ATX Mid Tower Black with Tempered Glass Side Panel and USB 3.2 Gen 2x2 Type-C USB 3.2 Gen 1 Type-A,CM-H72FB-01,True,True,True
PCCase,407abc4e-be29-4dc4-9830-6877830101bf,d3hj2v02v,"NZXT H9 Flow (2025) ATX Mid Tower White Tempered Glass Side Panel, USB 3.2 Gen 2x2 Type-C, USB 3.2 Gen 1 Type-A",CM-H92FW-01; CM-H92FW-02,True,True,True
PCCase,95af7ccd-f5cd-4b4a-875d-8a59b0d82e62,4isix1zrf,NZXT H6 RGB+ (2026) ATX Mid Tower Black Tempered Glass,CC-H62FB-P1,True,False,True
PCCase,cbbbd03d-56fe-4bb7-a7e4-a43641752e6f,ayqfryz83,NZXT H510 ATX Mid Tower Black Tempered Glass Side Panel,CA-H510B-B1,False,True,True
PCCase,bf866219-af85-40e9-94e1-cff6f4ddd63d,audej4x2e,NZXT H6 (2026) ATX Mid Tower White Tempered Glass,CC-H62FW-01,True,False,True
PCCase,5619fdec-6575-4d2c-887e-70da440a40ac,as4j1brrq,NZXT H5 Flow (2022) ATX Mid Tower White with Tempered Glass Side Panel and USB 3.2 Gen 2x2 Type-C / USB 3.2 Gen 1 Type-A,CC-H51FW-01; CA-H52FW-01,False,True,True
PCCase,6b734e18-04e6-4256-a58d-7c9b9458a9fe,h5110dbte,NZXT H6 RGB+ (2026) ATX Mid Tower White Tempered Glass,CC-H62FW-P1,True,False,True
PCCase,f1ff1ac2-32d9-4169-8b2e-6d6fcb744b35,k3sode4gh,NZXT H5 Flow RGB (2024) ATX Mid Tower White Tempered Glass Side Panel with USB 3.2 Gen 2x2 Type-C and USB 3.2 Gen 1 Type-A,,True,True,True
PCCase,a716ae3d-6f02-478d-91d5-618a56e8cb7b,tzjgh92pj,NZXT H510 ATX Mid Tower White Tempered Glass Side Panel,CA-H510B-W1,False,True,True
PCCase,00827b00-c9c3-421a-8730-78e3cea68fe7,nlblsam12,"NZXT H7 Flow RGB (2024) ATX Mid Tower White Tempered Glass, USB 3.2 Gen 2x2 Type-C USB 3.2 Gen 1 Type-A",CM-H72FW-R1,True,True,True
PCCase,825fc1d4-62b4-4da5-95b3-a01e97dfb2ab,g7l1zeuw0,NZXT H9 Flow RGB (2025) ATX Mid Tower Black Tinted Tempered Glass USB 3.2 Gen 2x2 Type-C USB 3.2 Gen 1 Type-A,CM-H92FB-R1; CM-H92FB-R2,True,True,True
PCCase,cc6dba0d-1833-481c-b980-d23f4edeee74,8lunlt6x3,"NZXT H7 Flow (2024) ATX Mid Tower White Tempered Glass Side Panel, USB 3.2 Gen 2x2 Type-C, USB 3.2 Gen 1 Type-A",CM-H72FW-01,True,True,True
PCCase,9e92d512-eeb5-45fd-b097-411230bb5949,sblfpqmog,"NZXT H7 Flow (2022) ATX Mid Tower Black with Tempered Glass Side Panel and USB 3.2 Gen 2x2 Type-C, USB 3.2 Gen 1 Type-A",CM-H71FB-01,False,True,True
PCCase,58262c93-3e90-4378-b38a-96115e94ea7e,bxoq4sbej,NZXT H510 Elite - CA-H510E-B1 - Premium Mid-Tower ATX Case PC Gaming Case - Dual-Tempered Glass Panel - Front I/O USB Type-C Port - Vertical GPU Mount - Integrated RGB Lighting - Black,CA-H510E-B1,False,True,True
PCCase,5fc58216-210d-4488-911b-9120758134d5,tx2to3d86,NZXT H9 Flow RGB (2025) ATX Mid Tower White with Tempered Glass Side Panel and USB 3.2 Gen 2x2 Type-C USB 3.2 Gen 1 Type-A Front Panel,CM-H92FW-R1; CM-H92FW-R2,True,True,True
PCCase,09159f81-d762-4fa1-8e14-594d3847be80,xk9jlfzfj,NZXT H5 Elite ATX Mid Tower White Tempered Glass,,False,True,True
PCCase,db39b83e-baed-4d65-9fed-723809f6edbf,ak6i9uqd3,NZXT H5 Elite ATX Mid Tower Black Tempered Glass Side Panel,,False,True,True
PCCase,29133c68-e164-4773-a2bf-30ae2f6bed63,fxtfr4lrx,NZXT H510 ATX Mid Tower Black/Red Tempered Glass Side Panel,CA-H510B-BR,False,True,True
PCCase,dddb6565-078a-4ec5-bd35-7bdaedc84be5,98qv1l55u,NZXT H7 Flow (2022) ATX Mid Tower White Tempered Glass Side Panel,CM-H71FW-01,False,True,True
PCCase,12653beb-250c-44ea-8410-ca9a9372a570,6vi02zutn,"NZXT H7 Elite (2023) ATX Mid Tower White with Tempered Glass Side Panel, USB 3.2 Gen 2x2 Type-C, USB 3.2 Gen 1 Type-A",CM-H71EW-02,False,True,True
PCCase,c298f197-7bda-4cb7-ab79-c8d6bb105265,yt2mitsqy,NZXT - H510 Flow ATX Mid Tower Case,CA-H52FB-01; CA-H52FW-01,False,True,True
PCCase,d3292df3-0064-4c93-b541-93b25b47ba71,ujdwrrx31,NZXT H7 Elite (2022) ATX Mid Tower Tempered Glass,CM-H71EB-01,False,True,True
PCCase,2ecce427-40cc-4a2d-b1ad-6c237f4d80b2,ycudcqu9j,"NZXT H7 Flow (2022) ATX Mid Tower White / Black with Tempered Glass Side Panel and USB 3.2 Gen 2x2 Type-C, USB 3.2 Gen 1 Type-A",CM-H71FG-01,False,True,True
PCCase,ebf86cad-bafe-4a31-aaa3-bfc9efeb9e54,5cfivc2wa,"NZXT H210i Mini-ITX Tower White with Tempered Glass Side Panel and USB 3.2 Gen 2 Type-C, USB 3.2 Gen 1 Type-A",CA-H210i-W1; CA-H210i-B1,False,True,True
PCCase,15228416-2ac1-4ff8-9039-d006728ae451,qwdarjdq3,NZXT H5 Flow RGB ATX Mid Tower Black Tempered Glass Side Panel,,False,True,True
PCCase,86155d89-39a7-454f-8fd0-7bdc6ef0ec54,2b0tr2dea,"NZXT S340 Elite ATX Mid Tower Computer Case, Matte Black/Red (CA-S340W-B4)",CA-S340W-B4; CA-S340W-RA,False,True,True
PCCase,60ab1409-b7de-4c23-b855-b787c8b10aac,ldk1kxd8a,NZXT H710i Mid-Tower Case (Matte White),CA-H710I-W1,False,True,True
PCCase,420f8170-8aba-4302-937c-b24a17365577,o26pv66sw,NZXT H7 Elite ATX Mid Tower Tempered Glass,CM-H71EW-01,False,True,True
PCCase,bac6f073-3ffd-45e4-b241-2b4d0f33eba6,j9vz4wym6,NZXT H5 Flow RGB (2023) ATX Mid Tower White Tempered Glass,,False,True,True
PCCase,28dd6139-320e-44b3-aa8a-a617b135196d,kf3rcx8zs,NZXT H7 Flow RGB (2024) ATX Mid Tower Black Tempered Glass,CM-H72FB-R1,True,True,True
PCCase,43a87f8a-daa3-41c3-b9f5-9d59a07f5014,z0fe8mfij,NZXT H500 - Compact ATX Mid-Tower PC Gaming Case - Tempered Glass Panel - All-Steel Construction - Enhanced Cable Management System - Water-Cooling Ready - White/Black,N82E16811146289R; CA-H500B-B1,False,True,True
PCCase,c6125f2f-565b-45b6-a207-76a1b86f690d,se9nzw8kg,NZXT H510i ATX Mid Tower White with Tempered Glass Side Panel and USB 3.2 Gen 2 Type-C USB 3.2 Gen 1 Type-A,CA-H510i-W1; CA-H510I-W1,False,True,True
PCCase,2fa48d19-998d-47fc-a564-8c3443dbb494,fd4fsjnqp,NZXT H210i - Mini-ITX PC Gaming Case - Front I/O USB Type-C Port - Tempered Glass Side Panel Cable Management - Water-Cooling Ready - Integrated RGB Lighting - Steel Construction - White/Black,CA-H210B-W1,False,True,True
PCCase,14d9ab20-35fd-4849-acb2-f16e28466764,ucty4s17o,NZXT - H510 Flow ATX Mid Tower Case,CA-H52FB-01,False,True,True
PCCase,29770260-9024-4675-ae8c-cb6a3074b7d8,hdttk81pa,"NZXT H7 Flow RGB (2023) ATX Mid Tower Black Tempered Glass Side Panel, USB 3.2 Gen 2x2 Type-C, USB 3.2 Gen 1 Type-A",CM-H71FB-R1,False,True,True
PCCase,370b9d64-46b3-45e3-89e0-177abcc4960a,ft4j4b7ix,NZXT H7 Elite (2023) ATX Mid Tower Black Tempered Glass Side Panel,CM-H71EB-02,False,True,True
PCCase,15624d8f-0767-4111-8291-c842421181d5,x3zssnrzk,NZXT H1 (2019),21,False,True,True
PCCase,1e4e4294-0119-4295-aaf0-93baa44b2b24,rb0tx4m1i,NZXT H7 - CM-H71BW-01 - ATX Mid Tower PC Gaming Case - Front I/O USB Type-C Port - Quick-Release Tempered Glass Side Panel - White,CM-H71BW-01,False,True,True
PCCase,87a4b959-5d5e-4334-a30e-6921e7ffb983,c30m95g6c,"NZXT H710 ATX Mid Tower Black with Tempered Glass Side Panel and USB 3.2 Gen 2 Type-C, USB 3.2 Gen 1 Type-A",CA-H710B-B1; CA-H710B-W1,False,True,True
PCCase,92b11138-9cb0-49b8-8b5a-01421aaa695d,ydrkqodyi,NZXT H700 - ATX Mid-Tower PC Gaming Case - Tempered Glass Panel - Enhanced Cable Management System – Water-Cooling Ready - Yellow/Blue,CA-H700W-NJ; CA-H700B-W1,False,True,True
PCCase,0f9901ce-8907-4d04-91ea-783b07b876d9,a4z1j0r55,"NZXT H510i ATX Mid Tower Black Tempered Glass Side Panel, Front USB 3.2 Gen 2 Type-C & USB 3.2 Gen 1 Type-A",CA-H510i-B1,False,True,True
PCCase,81d45bea-2ff2-411e-ab81-899756f0f04a,1pyusj1a0,NZXT H710 - CA-H710B-B1 - ATX Mid Tower PC Gaming Case - Front I/O USB Type-C Port - Quick-Release Tempered Glass Side Panel - Cable Management System - Water-Cooling Ready - Black,CA-H710B-B1,False,True,True
PCCase,4549408e-0885-4849-9a02-f331a31251cb,28vx68asw,NZXT H500i Mid-Tower Case (Black),CA-H500W-B1; CA-H500W-W1,False,True,True
PCCase,04454e54-af10-4065-a94f-0df2a8047aef,h3i0hoo84,"NZXT H710i ATX Mid Tower Black with Tempered Glass Side Panel and USB 3.2 Gen 2 Type-C, USB 3.2 Gen 1 Type-A",CA-H710i-B1,False,True,True
PCCase,1e617b6d-b23d-44dc-80b5-a04bbfb1c616,let0jrcpx,NZXT H7 Flow RGB (2023) ATX Mid Tower White Tempered Glass,CM-H71FW-R1,False,True,True
PCCase,75fe9414-3f6e-441f-8f47-135b324ceb95,8793c4eb3,NZXT S340 Elite ATX Mid Tower White Tempered Glass Side Panel Front Panel USB 3.2 Gen 1 Type-A & USB 2.0 Type-A,CA-S340W-W2,False,True,True
PCCase,044c20cb-b111-4182-be46-86b092a6d537,pujdbxddv,NZXT H500 ATX Mid Tower White with Tempered Glass Side Panel and USB 3.2 Gen 1 Type-A,CA-H500B-W1,False,True,True
PCCase,86483e48-d980-4a5d-a6f1-9439c7cd53e1,1i4aqb3yf,NZXT S340 Elite ATX Mid Tower Black with Tempered Glass Side Panel and USB 3.2 Gen 1 Type-A / USB 2.0 Type-A,CA-S340W-B3,False,True,True
PCCase,54ddfc67-e274-42e6-8e94-6e55584ea358,yqanog75b,NZXT H7 - Mid-Tower PC Gaming Case - Tempered Glass - Enhanced Cable Management Water-Cooling Ready - Black,2AM-000T-001T0; CM-H71BG-01,False,True,True
PCCase,41c3e816-ef98-4f5c-9b0b-d7d3b2a8357b,8wipme2tb,NZXT H200 - White - Mini-ITX PC Gaming Case - Tempered Glass Panel - All-Steel Construction - Enhanced Cable Management System - Water Cooling Ready,CA-H200B-W1,False,True,True
PCCase,f6f60ff7-1351-41e6-a2f9-3ada91e38a66,vdx3swzzk,"NZXT H510 Flow ATX Mid Tower Black with Tempered Glass Side Panel and USB 3.2 Gen 2 Type-C, USB 3.2 Gen 1 Type-A",CA-H52FB-01,False,True,True
PCCase,27a36d55-6b74-47df-8b77-6729f87171f1,p7069a90k,NZXT H440 ATX Mid Tower Black / White with Acrylic Side Panel and USB 3.2 Gen 1 Type-A USB 2.0 Type-A Front Panel,CA-H440W-W1,False,True,True
PCCase,8e133519-13f1-4449-810b-e20e766d3695,axlvdhjda,NZXT S340 Razer ATX Mid Tower Black / Green Acrylic Side Panel,CA-S340W-RA; CA-S340W-TH,False,True,True
PCCase,8ac41fe2-cbe9-48f7-be8f-0a6904dc8977,5fo09ij9e,"NZXT H440 ATX Mid Tower Black / Red Acrylic Side Panel, USB 3.2 Gen 1 Type-A USB 2.0 Type-A Front Panel",CA-H440W-M1,False,True,True
PCCase,a67a0640-b58a-4cf9-9af9-7e74d5907d13,q5mqug48d,NZXT S340 ATX Mid Tower White with Acrylic Side Panel and USB 3.2 Gen 1 Type-A Front Panel,CA-S340W-W1,False,True,True
PCCase,b78fafa4-4ee5-43b1-b445-2ce3dcd970b2,3ceb31ofe,NZXT H210 Mini-ITX Tower Black Tempered Glass,CA-H210B-B1,False,True,True
PCCase,07d99520-525a-4ec0-9e75-2f29aa97e9c7,yqoa3rsti,"NZXT H510 Elite ATX Mid Tower Black with Tempered Glass Side Panel and Front I/O: USB 3.2 Gen 2 Type-C, USB 3.2 Gen 1 Type-A",CA-H510E-B1,False,True,True
PCCase,440467c0-840e-4e74-901f-818c50bd96fe,ryx9m8yd0,"NZXT H700i ATX Mid Tower Black / Red with Tempered Glass Side Panel and USB 3.2 Gen 1 Type-A, USB 2.0 Type-A",CA-H700W-BR,False,True,True
PCCase,bc7e66b9-df11-47db-81f3-c2de53169dd9,fsugzzfwb,NZXT S340 Elite ATX Mid Tower Hyper Beast Multicolor Tempered Glass Side Panel,CA-S340E-HB,False,True,True
PCCase,569b43b9-67bb-4ae0-9717-718fb79b58a2,wxfqtdddz,NZXT Phantom ATX Full Tower Black,PHAN-001BK; 8C-B8NL2-UGB; CSNZPHAN3B,False,True,True
PCCase,7585de50-0d0f-4024-98a1-e1a55c18df58,wfbyuicrs,"NZXT H210 Mini-ITX Tower White with Tempered Glass Side Panel and USB 3.2 Gen 2 Type-C, USB 3.2 Gen 1 Type-A",CA-H210B-W1,False,True,True
PCCase,f10cac5b-ec83-40ec-8b1d-be9397990f06,54r6bixg8,NZXT Cyberpunk 2077 H710i ATX Mid Tower Red / Black Tempered Glass Side Panel,CA-H710I-CP,False,True,True
PCCase,76ee5cbf-892a-4ba8-a699-f784b19a5446,cbtpwash4,"NZXT H7 ATX Mid Tower Black with Tempered Glass Side Panel and Front I/O: USB 3.2 Gen 2x2 Type-C, USB 3.2 Gen 1 Type-A",CM-H71BB-01,False,True,True
PCCase,d97c8577-2180-42f9-9947-e5ec528c1230,fvyel2ulh,NZXT H2 ATX Mid Tower Black with USB 3.2 Gen 1 Type-A USB 2.0 Type-A,H2-001-BK; CS-NT-H2-B,False,True,False
PCCase,b9417e38-c1a5-46b9-b875-b1852fe7102c,mwobwhlsx,"NZXT H500i ATX Mid Tower White Tempered Glass Side Panel, USB 3.2 Gen 1 Type-A, 428 x 210 x 460",CA-H500W-W1,False,True,True
PCCase,c864f7fa-0d91-46a7-aac4-95a9d5444431,z49im9e6f,NZXT H510i ATX Mid Tower Black / Red Tempered Glass Side Panel,CA-H510i-BR,False,True,True
PCCase,a51e5f5f-6a42-4b60-a8cc-123886cec018,0k7dc2azg,"NZXT H510 Flow ATX Mid Tower White Tempered Glass Side Panel, USB 3.2 Gen 2 Type-C, USB 3.2 Gen 1 Type-A",CA-H52FW-01,False,True,True
PCCase,bb7ccac3-b503-4b2e-8ec6-1e483ea227c5,bmnom7die,"NZXT Phantom 410 ATX Mid Tower White / Black with Acrylic Side Panel, USB 3.2 Gen 1 Type-A, USB 2.0 Type-A",CA-PH410-W1; 8C-P4NL1-WUW,False,True,True
PCCase,ecbd93b3-4caf-4070-a20c-5c2c2ef6ce79,sb3qxnydt,"NZXT Noctis 450 ATX Mid Tower Black / Red with Acrylic Side Panel and USB 3.2 Gen 1 Type-A, USB 2.0 Type-A",CA-N450W-M1,False,True,True
PCCase,4bb94d89-7753-4041-bb14-95c1453e96b7,qep1vnkpl,NZXT S340 ATX Mid Tower Black / Red Acrylic Side Panel,CA-S340W-BR1; S340_Red; CA-S340MB-GR,False,True,True
PCCase,2dd085f6-8ef2-457c-a086-2fb03247636d,60q1tzsrs,NZXT H710 ATX Mid Tower Black / Red Tempered Glass Side Panel,CA-H710B-BR,False,True,True
PCCase,f5bc27cb-86ff-4b10-b45c-8a1a33186395,tp6fq8z43,NZXT Phantom ATX Full Tower White / Black with USB 3.2 Gen 1 Type-A and USB 2.0 Type-A,PHAN-001WT; 8C-B8NL2-UGW; CSNZPHAN3W,False,True,True
PCCase,334dbc84-360b-489f-9127-5a6d8379de84,t8gkb3qgc,NZXT S340 ATX Mid Tower Black Acrylic Side Panel,CA-S340W-B1,False,True,True
PCCase,405bc08d-3f2d-43f3-a0c3-faf0bfd134ee,120omcrnd,NZXT H710i ATX Mid Tower Black / Red with Tempered Glass Side Panel and USB 3.2 Gen 2 Type-CUSB 3.2 Gen 1 Type-A,CA-H710i-BR,False,True,True
PCCase,a8f08d60-a94f-4985-9371-e13786a43bae,u7q13ingp,"NZXT H440 ATX Mid Tower Black / Green with Acrylic Side Panel and USB 3.2 Gen 1 Type-A, USB 2.0 Type-A",CA-H440G-M1; CA-H440W-M3,False,True,True
PCCase,1709ff41-dcb8-494d-a198-fc889ce1aced,mfatph8o1,"NZXT H700i Ninja ATX Mid Tower Blue / Yellow Tempered Glass, USB 3.2 Gen 1 Type-A, USB 2.0 Type-A",CA-H700W-NJ,False,True,False
PCCase,ad6e7395-abfc-4355-b4d6-ba331ed273ef,k72ugybhb,"NZXT S340 Elite ATX Mid Tower Black / Red Tempered Glass Side Panel, USB 3.2 Gen 1 Type-A, USB 2.0 Type-A",CA-S340W-B4,False,True,True
PCCase,2988a27f-df05-41f5-8688-f186177b19e1,bqr0r4mv7,NZXT H500i ATX Mid Tower Black with Tempered Glass Side Panel and USB 3.2 Gen 1 Type-A,CA-H500W-B1,False,True,True
PCCase,83d28d21-3ade-49dc-898c-aba133c16e32,szxfif0l5,NZXT H210 Mini-ITX Tower Black / Red Tempered Glass,CA-H210B-BR,False,True,True
PCCase,1c0d0235-e554-4b9e-912c-adb02be679cc,2idzb2y8r,NZXT H400i Micro ATX Mini Tower Black with Tempered Glass Side Panel and USB 3.2 Gen 1 Type-A,CA-H400W-BB,False,True,True
PCCase,fa92fa2f-fa23-41c6-8493-eef5ff61a403,xgfe24um2,NZXT H700 ATX Mid Tower Black with Tempered Glass Side Panel and USB 3.2 Gen 1 Type-A USB 2.0 Type-A,CA-H700B-B1,False,True,True
PCCase,42aed444-24d1-4d78-9778-da0825b60bef,ap1638tqe,NZXT H500 ATX Mid Tower Black / Red with Tempered Glass Side Panel and USB 3.2 Gen 1 Type-A,CA-H500B-BR,False,True,True
PCCase,e378cb46-2dab-4707-b161-98b9301838ce,opxm87fwb,NZXT Phantom 530 ATX Full Tower White with Acrylic Side Panel and USB 3.2 Gen 1 Type-A,CA-PH530-W1,False,True,True
PCCase,48aed89a-8827-4de1-9472-e33d7b3816fd,ofc570vte,"NZXT H400i Micro ATX Mini Tower Black / White Tempered Glass Side Panel, USB 3.2 Gen 1 Type-A",CA-H400W-WB,False,True,True
PCCase,41fa093c-bc58-4e83-a5e2-fbdc0c7b7e4a,wjwndl2ry,"NZXT Phantom 410 ATX Mid Tower Red / Black Acrylic Side Panel, USB 3.2 Gen 1 Type-A, USB 2.0 Type-A",CA-PH410-R1; CSNZP410R,False,True,True
PCCase,0c3a4f63-ccdc-4f8d-943d-45d1c2b98fb1,jvjcftss5,"NZXT H710 ATX Mid Tower White Tempered Glass Side Panel, USB 3.2 Gen 2 Type-C, USB 3.2 Gen 1 Type-A",CA-H710B-W1,False,True,True
PCCase,4d65e0dc-bef0-4fd1-8673-9140a4627cdd,7wmo3k4ej,NZXT H7 ATX Mid Tower White / Black Tempered Glass,CM-H71BG-01,False,True,True
PCCase,5b26c7e7-17aa-4285-bdbc-c6d5f77dfc78,3v8bj854b,NZXT Phantom 240 ATX Mid Tower Black / White with Acrylic Side Panel and USB 3.2 Gen 1 Type-A,CA-PH240-W1,False,True,True
PCCase,d99436b5-1e70-438c-960d-c3b4b157f186,yvjqt1rck,NZXT H5 Flow Starfield ATX Mid Tower White / Blue Tempered Glass Front Panel: USB 3.2 Gen 2x2 Type-C and USB 3.2 Gen 1 Type-A,,False,True,True
PCCase,4be7e911-551f-4878-a422-57b1718e3f05,tozh9k6jp,NZXT H440 Hyper Beast ATX Mid Tower Blue with Acrylic Side Panel and USB 3.2 Gen 1 Type-A USB 2.0 Type-A,CA-H442HB-M1,False,True,True
PCCase,f5366342-797f-4e61-b26f-bffd4116c0c1,t1dno926c,NZXT H700i ATX Mid Tower Black / Blue Tempered Glass Side Panel,CA-H700W-BL,False,True,True
PCCase,035a3d9e-7a5a-4eee-90a3-157c02d101d7,ls2gdsmhz,NZXT H700 ATX Mid Tower White Tempered Glass Side Panel,CA-H700B-W1,False,True,True
PCCase,850742ad-ba96-4d43-8f50-11f7ef47bfab,uw3dpmhnp,"NZXT Phantom 410 ATX Mid Tower Black with Acrylic Side Panel and USB 3.2 Gen 1 Type-A, USB 2.0 Type-A",CA-PH410-G1; 8C-P4NL1-WWQ; NZXT-410GUNM,False,True,True
PCCase,7f7aace1-5d94-4c77-8dce-75e8e9ad821a,ler9zu2vz,NZXT H200i Mini-ITX Tower Black Tempered Glass,CA-H200W-BB,False,True,True
PCCase,5a65e671-088d-4f39-a42a-35171e3ae2c0,04j3u8221,NZXT H700i ATX Mid Tower Black / White Tempered Glass Side Panel,CA-H700W-WB,False,True,True
PCCase,90ec066e-aa29-4744-bd90-3de0967b59f6,y7yml8gl5,"NZXT H710i ATX Mid Tower White with Tempered Glass Side Panel and USB 3.2 Gen 2 Type-C, USB 3.2 Gen 1 Type-A Front Panel",CA-H710i-W1,False,True,True
PCCase,56c14d0c-42c3-4016-9e6c-caed9a62fd27,0rvcixy2z,"NZXT H440 ATX Mid Tower Black with Acrylic Side Panel, USB 3.2 Gen 1 Type-A, USB 2.0 Type-A",CA-H442W-M8,False,True,True
PCCase,cc7e7380-f791-4a62-aa58-6b49dc00db88,e1xr41tjk,"NZXT H510i Rivals ATX Mid Tower Yellow / Black with Tempered Glass Side Panel, USB 3.2 Gen 2 Type-C, and USB 3.2 Gen 1 Type-A",CA-H510I-MH-RV,False,True,True
PCCase,8769f64f-c8c8-4c0d-8ee7-715d2e8553fe,938cqwt3c,"NZXT H400i Micro ATX Mini Tower Black / Red with Tempered Glass Side Panel, USB 3.2 Gen 1 Type-A, and 421 x 210 x 417 mm Dimensions",CA-H400W-BR,False,True,True
PCCase,3b8a9606-e6a0-48f8-852b-fcc17bf541c0,9ti71m824,NZXT Vulcan Micro ATX Mid Tower Black with Acrylic Side Panel and USB 2.0 Type-A Front Panel,VULC-001BK,False,True,False
PCCase,7c4c2e02-c80b-4ea8-9d48-3770178db835,v519t8gfk,NZXT H500 ATX Mid Tower Black with Tempered Glass Side Panel and USB 3.2 Gen 1 Type-A,CA-H500B-B1,False,True,True
PCCase,f448b9ca-39fc-4d88-89c2-402235fc1d22,2l3q0dwex,"NZXT Tempest 410 Elite ATX Mid Tower Black with Acrylic Side Panel, USB 3.2 Gen 1 Type-A, USB 2.0 Type-A",T410E-001; TEMPEST410ELITE; CSNZT410E,False,True,False
PCCase,3f1dd9c4-1eab-4d07-93dd-40c717c9dc02,14fysage3,NZXT Source 210 Elite ATX Mid Tower Black,S210E-001; SOURCE210ELITE-BK,False,True,True
PCCase,72f79682-f6ea-434a-b0a9-75c7d16a987f,bk9oo9zte,NZXT S340 ATX Mid Tower Black / Blue Acrylic Side Panel,CA-S340W-BB1; S340_Blue; CA-S340MB-GB,False,True,True
PCCase,a483dc92-7ef5-4af7-a661-be9855b34e16,6y1cndrui,NZXT H7 ATX Mid Tower White with Tempered Glass Side Panel and USB 3.2 Gen 2 Type-C USB 3.2 Gen 1 Type-A Front Panel,CM-H71BW-01,False,True,True
PCCase,2fcf754e-416e-4fe0-97cc-f736f7f16b00,qyt8zkuxk,"NZXT H700i ATX Mid Tower Black with Tempered Glass Side Panel and USB 3.2 Gen 1 Type-A, USB 2.0 Type-A",CA-H700W-BB,False,True,True
PCCase,2e7de1af-649e-4435-9d1d-b54a29d53602,gs0z0zflc,NZXT H510i All Might ATX Mid Tower Blue / Red Tempered Glass Side Panel,CA-H510I-MH-AM,False,True,True
PCCase,d935fcd5-59d6-4d7a-915a-f473957110c0,lpvlanhlh,"NZXT H210i Mini-ITX Tower Black / Red with Tempered Glass Side Panel, USB 3.2 Gen 2 Type-C, USB 3.2 Gen 1 Type-A",CA-H210i-BR,False,True,True
PCCase,add6fda5-1dd2-4d1c-8084-2b9e11414a2d,rfps0py95,NZXT Phantom 530 ATX Full Tower Black Acrylic Side Panel,CA-PH530-B1,False,True,True
PCCase,0fd2bbf8-8679-43e2-a8b2-b8b2c1f414da,p9gem6j5d,NZXT Source 530 ATX Full Tower Black Acrylic Side Panel,CA-SO530-M1,False,True,True
PCCase,3bce4120-90b1-4299-9342-c72272b3f9b5,077emuauq,NZXT H510 Horde ATX Mid Tower Red with Tempered Glass Side Panel and USB 3.2 Gen 2 Type-C USB 3.2 Gen 1 Type-A,CA-H510B-WH,False,True,True
PCCase,8cf35691-dec6-4093-9255-01932f81ace6,zzmvr1tvc,"NZXT H500i ATX Mid Tower Black / Red Tempered Glass Side Panel, USB 3.2 Gen 1 Type-A",CA-H500W-BR,False,True,True
PCCase,2cc83866-24d3-443c-9cb3-67256c0136ee,7ff79dexs,NZXT H440 ATX Mid Tower White / Purple Acrylic Side Panel,CA-H442W-W2,False,True,True
PCCase,dae929ae-4fb4-44be-83e1-8c89c4de5141,wy6ur0igm,NZXT H210i Mini-ITX Tower Black with Tempered Glass Side Panel and USB 3.2 Gen 2 Type-C USB 3.2 Gen 1 Type-A,CA-H210i-B1,False,True,True
PCCase,5fd2f74b-91c8-4b6b-884d-40d063c4a91d,rssealskc,"NZXT H700 ATX Mid Tower Black / Red with Tempered Glass Side Panel and USB 3.2 Gen 1 Type-A, USB 2.0 Type-A Front Panel",CA-H700B-BR,False,True,True
PCCase,796880a8-04d8-4e2a-a138-8566498e94fc,ujx0smn33,NZXT Phantom 410 ATX Mid Tower Black / Orange with Acrylic Side Panel and USB 3.2 Gen 1 Type-A USB 2.0 Type-A,CA-PH410-B3,False,True,True
PCCase,439d0172-ba1d-4dc3-8835-5d59beda5467,k91mi1cqy,"NZXT H510 Alliance ATX Mid Tower Blue with Tempered Glass Side Panel and USB 3.2 Gen 2 Type-C, USB 3.2 Gen 1 Type-A",CA-H510B-WA,False,True,True
PCCase,121c28b2-e11e-4261-a2c6-7af4b7f5eb0b,5d2le96pq,NZXT H200i Mini-ITX Tower White / Black Tempered Glass Side Panel,CA-H200W-WB,False,True,True
PCCase,475efce2-41cd-4475-a569-ef2a5640368e,k2mcl57in,NZXT Phantom ATX Full Tower Black / Orange,PHAN-002OR,False,True,True
PCCase,35b8cb14-ad2f-4e31-9a84-10e5fdd50f5d,j7odbzv9c,NZXT H440 ATX Mid Tower Black with USB 3.2 Gen 1 Type-A and USB 2.0 Type-A,CA-H442C-M8,False,True,True
PCCase,709326aa-5759-4f96-8ea7-f2f39d88bbfd,3hcgrfe0g,NZXT Guardian 921 RB ATX Mid Tower Black Acrylic Side Panel,921RB-001-BL,False,True,False
PCCase,ddb51f05-cd75-4fe5-8a86-2cffdd59df24,wjn923imb,NZXT Manta Mini-ITX Desktop Black with Acrylic Side Panel and USB 3.2 Gen 1 Type-A,CA-MANTW-M1,False,True,False
PCCase,bc58e782-102e-446e-bece-8b845aba5a95,s5pkokpmk,NZXT Source 210 ATX Mid Tower Black Acrylic Side Panel,CA-S21W2-B1,False,True,True
PCCase,e8c5ab86-2ff2-4ca4-a3d1-b5b0ab359aa1,ep1rx4gvv,NZXT H500 ATX Mid Tower Black / Blue with Tempered Glass Side Panel and USB 3.2 Gen 1 Type-A Front Panel,CA-H500B-BL,False,True,True
PCCase,9c604663-15c0-4f39-875e-7c201cfcbfe9,y2go3ph93,NZXT S340 ATX Mid Tower White / Purple Acrylic Side Panel,CA-S340W-W3,False,True,True
PCCase,814b55ac-aed1-4751-9e92-4467bbf20853,iyxdhy2qp,NZXT H400 Micro ATX Mini Tower White with Tempered Glass Side Panel and USB 3.2 Gen 1 Type-A,CA-H400B-W1,False,True,False
PCCase,0848f147-b050-4d74-821e-8420db67f333,ab70unacq,NZXT Phantom 410 ATX Mid Tower Black Acrylic Side Panel,CA-PH410-B1; 8C-P4NL1-WUB; CSNZP410B; CS-NT-PHAN-410-B,False,True,True
PCCase,49657196-4bb9-44a5-9127-9962e181363e,hfhq9l8z0,NZXT H440 ATX Mid Tower Black / Red Acrylic Side Panel,CA-H442W-M1,False,True,True
PCCase,853b0ec7-9123-4c78-83cb-3795e42d9379,9bubwzyrg,NZXT H630 ATX Full Tower Black,CA-H630F-M1; H630W-M1,False,True,True
PCCase,090a529b-ec0a-4e30-9bfa-f8858c1d47b5,e1d9bq337,"NZXT S340 Elite ATX Mid Tower Black / Blue with Tempered Glass Side Panel and USB 3.2 Gen 1 Type-A, USB 2.0 Type-A Front Panel",CA-S340W-B5,False,True,True
PCCase,2d741d8a-b382-4d74-baf8-a65c43905bf5,ya016mvcz,NZXT H700 ATX Mid Tower,CA-H700B-BL,False,True,True
PCCase,a4e66a76-5782-4be7-b8ac-d249a9ead522,njtwb8yl3,NZXT H510 Siege ATX Mid Tower Red / Black Tempered Glass Side Panel,CA-H510B-R6,False,True,True
PCCase,7f3f5c51-8478-4c43-92ec-b1aa15600311,m72ofieyy,NZXT Noctis 450 ATX Mid Tower White / Blue with Acrylic Side Panel and USB 3.2 Gen 1 Type-A USB 2.0 Type-A,CA-N450W-W1,False,True,False
PCCase,0af3008a-6f36-4d01-bb67-e0970c3e60b9,1485vkfle,NZXT H700 Nuka-Cola ATX Mid Tower Red / Black Tempered Glass Side Panel,CA-H700B-NC,False,True,False
PCCase,2070f2f1-9488-411a-ab7f-0e59b3336c3b,lofbl8cd5,"NZXT Source 220 ATX Mid Tower Black with Acrylic Side Panel and USB 3.2 Gen 1 Type-A, USB 2.0 Type-A",CA-S220W-B1,False,True,False
PCCase,84393186-fafe-4413-a681-af7bba0a953d,zispvmn8m,NZXT H440 ATX Mid Tower Black / Blue Acrylic Side Panel,CA-H440W-M4,False,True,False
PCCase,326e87e4-af30-46b7-86eb-4f3df3b47544,w4wc14ien,NZXT H630 ATX Full Tower White,CA-H630F-W1; H630W-W1,False,True,False
PCCase,1273a116-dc33-4dab-b5f7-e54e20cf6e98,ox40gex2b,NZXT H500i ATX Mid Tower Black / Blue Tempered Glass Side Panel and USB 3.2 Gen 1 Type-A Front Panel,CA-H500W-BL,False,True,True
PCCase,90465db9-c6a4-4a6c-924a-24220bd5da31,463bgel2x,NZXT Phantom 820 ATX Full Tower Black Acrylic Side Panel,CA-PH820-M1,False,True,False
PCCase,7539ede3-cee7-4208-b757-39d9ca697edd,irrm5061g,NZXT H440 ATX Mid Tower White / Black with Acrylic Side Panel and USB 3.2 Gen 1 Type-A USB 2.0 Type-A,CA-H442W-W1,False,True,True
PCCase,be19ef95-b521-4658-90ff-9fb4ea16ab83,medd5evl5,NZXT Phantom 820 ATX Full Tower Gunmetal Acrylic Side Panel,CA-PH820-G1,False,True,False
PCCase,696a992d-ca74-4fba-b261-3995a3cd4c99,pdi1s37t2,"NZXT Switch 810 ATX Full Tower White / Black with Acrylic Side Panel and USB 3.2 Gen 1 Type-A, USB 2.0 Type-A",CA-SW810-W1; SWI 810-001W; 8C-SWNL1-WWW; CSNZSW810W,False,True,False
PCCase,6a5a0254-ecb8-4dc8-a325-f8eb6e675ddb,joqqzhmj4,NZXT Phantom ATX Full Tower Black / Green,PHAN-002GR,False,True,False
PCCase,4dd1eb5b-d6ad-4e69-a57f-a8ca7257ef71,5mz5sdruu,NZXT Phantom 630 ATX Full Tower White with Acrylic Side Panel and USB 3.2 Gen 1 Type-A / USB 2.0 Type-A,CA-P630W-W1; CA-PH630W-W1,False,True,False
PCCase,8b99cc68-1887-4356-8b5e-5b0d177ef08c,dlwhspuzn,NZXT H200 Mini-ITX Tower White with Tempered Glass Side Panel and USB 3.2 Gen 1 Type-A,CA-H200B-W1,False,True,False
PCCase,5cd7a312-b146-49d2-8838-614b15733732,jgdl3o2xc,NZXT Phantom 530 ATX Full Tower Red Acrylic Side Panel USB 3.2 Gen 1 Type-A,CA-PH530-R1,False,True,False
PCCase,b734951e-d273-4e8e-9249-93235748c6bc,o3oumkzhr,NZXT Phantom 820 ATX Full Tower White Acrylic Side Panel,CA-PH820-W1,False,True,False
PCCase,dc2034f7-585b-4090-acaf-533ff8c3f3f8,kc5llpibk,"NZXT Manta Mini-ITX Desktop White / Black Acrylic Side Panel, USB 3.2 Gen 1 Type-A",CA-MANTW-W1,False,True,False
PCCase,a4281710-3bdc-4aff-abf5-311df3f33168,fqkqh7bgl,"NZXT H440 ATX Mid Tower Black / Green with Acrylic Side Panel and USB 3.2 Gen 1 Type-A, USB 2.0 Type-A",CA-H440W-RA; CA-H442W-RA; CA-H442W-TH,False,True,False
PCCase,53d08f6f-5cdd-4fcd-afae-0bb2822db5b3,cuqmcoifp,NZXT H440 ATX Mid Tower Red Acrylic Side Panel,CA-H440W-M7,False,True,False
PCCase,d56c1375-4cc0-483a-99e1-b8b6c90e0f5c,dd0fm43hl,NZXT H400i Micro ATX Mini Tower Black / Blue with Tempered Glass Side Panel and USB 3.2 Gen 1 Type-A,CA-H400W-BL,False,True,False
PCCase,7863ae5e-72cd-4870-b14b-0df60fff967b,iqz6hj4d8,"NZXT Phantom 630 ATX Full Tower Black with Acrylic Side Panel and USB 3.2 Gen 1 Type-A, USB 2.0 Type-A",CA-PH630-M1,False,True,False
PCCase,5af89a60-ea62-4057-97d5-ebf83dc315b2,tuxg060et,NZXT Manta Mini-ITX Desktop Black / Red with Acrylic Side Panel and USB 3.2 Gen 1 Type-A,CA-MANTW-M2,False,True,False
PCCase,15330100-721a-460b-a15a-fedd4ccbb7c0,2bap4zmj7,NZXT H440 ATX Mid Tower Black / Orange Acrylic Side Panel,CA-H440W-M2,False,True,False
PCCase,ae8ad14f-e9e4-4b9a-982b-ce323ae15929,odnoqdtp4,NZXT Source 210 ATX Mid Tower White / Black,S210-002; SOURCE210-WH,False,True,False
PCCase,75b87b6b-4936-4cd1-9653-5695dad7ca54,y3lxbtom8,NZXT Phantom 630 ATX Full Tower Gunmetal Acrylic Side Panel,CA-PH630-G1,False,True,False
PCCase,181b602a-9cf3-43ca-9e7c-705bf444048d,r8f8x7p66,NZXT Phantom ATX Full Tower Black / Red,PHAN-001RD,False,True,False
PCCase,e31e4862-5e54-4d31-9269-5fb795b97844,ihg5vf8qj,NZXT Phantom 630 ATX Full Tower White Acrylic Side Panel USB 3.2 Gen 1 Type-A USB 2.0 Type-A,CA-PH630-W1,False,True,False
PCCase,890ce6c9-0d10-4725-b70a-53de028f2d57,ji2n9wm6r,NZXT H400 Micro ATX Mini Tower Black with Tempered Glass Side Panel and USB 3.2 Gen 1 Type-A Front Panel,CA-H400B-B1,False,True,False
PCCase,419b99f1-2e0b-40ab-bfba-c82b970b3f42,w1srzx11k,"NZXT Switch 810 ATX Full Tower Black with Acrylic Side Panel and USB 3.2 Gen 1 Type-A, USB 2.0 Type-A Front Panel",CA-SW810-B1; CSNZSW810B,False,True,False
PCCase,1bca01b3-1ae6-4225-b3ce-993bb8bb49bf,lwsqo1yl9,NZXT H400 Micro ATX Mini Tower Black / Red Tempered Glass Side Panel,CA-H400B-BR,False,True,False
CPUCooler,5f4aadc1-cb1a-4b3b-a059-033a5a0ff848,bk0z1zmyl,NZXT Kraken Water 360mm RGB 78.02 CFM White,RL-KR360-W1,False,True,True
CPUCooler,d43df8ee-11f5-4101-81c3-682516df9bba,q2zibrpcq,NZXT Kraken Water 360mm RGB Black,RL-KR360-B1,False,True,True
CPUCooler,4e42b2e4-2a2d-423f-8180-1b6edc4b9a96,cud80e050,NZXT Kraken Elite 360 Water 360mm RGB Black (2023),RL-KR36E-B1,False,True,True
CPUCooler,1d83f6d2-f062-4301-8ae1-0beb34f513e8,xbyzk1v5y,NZXT Kraken Water 360mm Black,RL-KN360-B1,False,True,True
CPUCooler,1c807e2c-e439-43d5-87c8-fb7c48476bb5,ytebh49h6,NZXT Kraken Elite 360 RGB White (2024),RL-KR36E-W2,True,True,True
CPUCooler,57f05510-012e-4685-bd92-d01bfc64fc7f,icmmwyuo7,NZXT Kraken Water 240mm 78.02 CFM Black (2023),RL-KN240-B1; 10726620,False,True,True
CPUCooler,0da1d260-bf32-44c0-a165-34905daef666,kxi4e1wka,NZXT Kraken Core 360 RGB Black,RL-KR36C-B1 (360mm); RL-KR36C-B1,True,True,True
CPUCooler,3aa6e795-7003-4e5f-8ed2-1cad7d83100b,w3cqqwcfw,NZXT Kraken Water 280mm 99.68 CFM Black 2023,RL-KN280-B1,False,True,True
CPUCooler,9828a076-03d8-4750-ad07-dceba4cef233,jk8lsx19c,NZXT Kraken Elite 420mm RGB Black (2024),RL-KR42E-B2,True,True,True
CPUCooler,e10a2e74-8683-4045-8af3-5c40f8df8c04,0fswbrhr1,NZXT Kraken Plus 360mm RGB Black (2025),RL-KR360-B2; RL-KR36E-B2,True,True,True
CPUCooler,e473a5ba-34e7-455d-85d7-5ed2c5c1c153,qwmc5juqy,NZXT Kraken Elite Water 360mm Black,RL-KN36E-B1,False,True,True
CPUCooler,84f409b9-e579-4160-878e-ad8a9cbb6814,snnqwrt0l,NZXT Kraken Elite 420mm RGB White (2024),RL-KR42E-W2,True,True,True
CPUCooler,e6b80b91-6fd1-47a7-afdb-2259c6386f2c,6ux6guvrx,NZXT Kraken Plus 360mm Black (2025),RL-KN360-B2,True,True,True
CPUCooler,d0dde5cf-630c-4338-9db8-617ced5460b6,wubouhze7,NZXT Kraken Z73 Water 360mm Black,RL-KRZ73-01,False,True,True
CPUCooler,026876f6-63fe-4b41-b576-cf6ae35a5d7e,6zz150swu,NZXT Kraken Water 240mm RGB White,RL-KR240-W1,False,True,True
CPUCooler,799093c0-3c6f-42ba-905f-c955a4d66347,lv6ox9s5l,NZXT Kraken Elite 360 RGB Black (2024),RL-KR36E-B2,True,True,True
CPUCooler,1e539d30-384a-49da-a1d7-14458f7f74d1,i6tcbf5ud,NZXT Kraken Plus 360mm RGB White (2025),RL-KR360-W2,True,True,True
CPUCooler,b49b251e-1373-4aed-9a92-c89a50415bd5,hl8nytk6a,NZXT Kraken Water 240mm RGB Black,RL-KR240-B1,False,True,True
CPUCooler,4cbb8aec-663d-43ff-9b78-05e92da9fef4,drvp6v933,NZXT Kraken Core 240 RGB Black,RL-KR24C-B1; RL-KR240-B2,True,True,True
CPUCooler,c28ba6de-5ff5-4c7c-a2cc-48f13f2f3bac,8fc9ngzqc,NZXT Kraken Elite 360 Black (2024),RL-KN36E-B2,True,True,True
CPUCooler,fcf97db1-03bd-4fb8-aecb-4821455839f0,pdswda1t0,NZXT Kraken Elite 360 RGB Water 360mm RGB 78.02 CFM White,RL-KR36E-W1,False,True,True
CPUCooler,40d9d347-f011-41d1-94e4-67a1f7fe793d,cykqccj71,NZXT Kraken Z73 RGB Water 360mm 52.44 CFM White / Black,RL-KRZ73-RW,False,True,True
CPUCooler,4ebfaa36-435f-495b-97da-4baab3dc8b73,bjqsgh833,NZXT Kraken Plus 240mm Black (2025),RL-KN240-B2,True,True,True
CPUCooler,a52dd243-6e3b-4041-baad-42d73e7ef949,ryvk6bzvp,NZXT Kraken Water 280mm RGB White (2023),RL-KR280-W1,False,True,True
CPUCooler,366781f1-6817-4920-9d1b-fcf21ecb316d,jd3oxbfr3,NZXT Kraken X72 360mm - All-In-One RGB CPU Liquid Cooler - CAM-Powered - Infinity Mirror Design - Performance Engineered Pump - Reinforced Extended Tubing - Aer P120mm Radiator Fan (3 Included),RL-KRX72-01,False,True,True
CPUCooler,85f15529-f3be-4fbf-942a-7bb9a2fee165,ts8gxlblt,NZXT Kraken Elite RGB Water 240mm 78.02 CFM Black,RL-KN24E-B1; RL-KR24E B1; RL-KR24E-B1,False,True,True
CPUCooler,de0f31e9-3009-41e7-ba6e-0ff97c559996,bpjjhqf88,NZXT Kraken Water 280mm RGB 90.79 CFM Black,RL-KR280-B1,False,True,True
CPUCooler,0915b5cd-dbed-4b9d-a0c0-eaed5a0d7bc6,1xqvrskyu,NZXT Kraken Plus 240mm RGB White (2025),RL-KR240-W2,True,True,True
CPUCooler,62be088e-810f-4b41-9660-ae129439fdd6,2mthbx6zf,NZXT Kraken Elite 240 Black (2024),RL-KN24E-B2,True,True,True
CPUCooler,3916d3dc-9163-49e1-8fc4-d5a4d9410050,my1m4sg2y,NZXT Kraken Plus 240mm RGB Black (2025),RL-KR240-B2,True,True,True
CPUCooler,c365e39f-41e3-4949-b911-2b1a0300295e,1f02obelp,NZXT Kraken Elite 240 RGB White (2024),RL-KR24E-W2,True,True,True
CPUCooler,80ee7d0a-1dca-4b7b-8065-c340608220a2,9kmo6qxoc,NZXT Kraken Elite 280 RGB Black (2024),RL-KR28E-B2,True,True,True
CPUCooler,7d032924-a948-4f5e-856a-4c6ac49e8ff4,0m4fptqt4,NZXT Kraken 120 Water 120mm 73.11 CFM Black,RL-KR120-B1,False,True,True
CPUCooler,948281ea-89ef-41d9-b5a3-6415be78bab1,ok7ugv97o,NZXT T120 RGB Black,RC-TR120-B1,False,True,True
CPUCooler,b5698f15-3da1-4ed1-86b8-0e4cd7abd148,nl6wrfd96,NZXT Kraken X73 Water 360mm 73.11 CFM Black,RL-KRX73-01,False,True,True
CPUCooler,84c49c67-e8a5-4d36-a656-23334aec2c97,w91or6nm5,NZXT Kraken X73 RGB 360mm Liquid Cooler,RL-KRX73-R1; RL-KRX73-RW,False,True,True
CPUCooler,de5b2f29-9899-4d66-86cb-96350a18bdf2,twgh2o2ag,NZXT Kraken Plus 280mm Black (2025),RL-KN280-B2,True,True,True
CPUCooler,0988f759-30fa-4299-b9ac-08c8d36df5cf,ak4fwhhud,NZXT T120 RGB White,RC-TR120-W1,False,True,True
CPUCooler,87b22c3a-4c84-4c88-bc64-c4bad83d70bd,njrykpc8h,NZXT Kraken Z63 Water 280mm Black,RL-KRZ63-01,False,True,True
CPUCooler,20bd5859-5534-4435-9e69-75322a90bccd,6b60nctgo,NZXT T120 White,RC-TN120-W1,False,True,True
CPUCooler,baecce90-71d4-4081-9fd2-3af37224f792,o4xfwkjzl,NZXT Kraken Elite 240 RGB Black (2024),RL-KR24E-B2,True,True,True
CPUCooler,08d9f60b-3ac0-45eb-8f87-3e9ac7d8162d,gyxl9gqjw,NZXT Kraken Elite 280 RGB White (2024),RL-KR28E-W2,True,True,True
CPUCooler,89129263-4a6b-4c06-aa5e-3ee4f752d4d2,gsbmfujfz,NZXT Kraken X73 Water RGB 360mm White / Black,RL-KRX73-RW,False,True,True
CPUCooler,55a3ceac-a1cf-46e8-b520-b056be8db1c3,aijwe5lm6,NZXT Kraken X52 240mm - All-In-One RGB CPU Liquid Cooler - CAM-Powered - Infinity Mirror Design - Performance Engineered Pump - Reinforced Extended Tubing - Aer P120mm Radiator Fan (2 Included),RL-KRX52-02; RL-KRX52-01,False,True,True
CPUCooler,4711e542-d394-4e7c-9043-2fbe45afc6cc,xc3xvy99j,NZXT T120 Black,RC-TN120-B1,False,True,True
CPUCooler,06b0dc58-a638-404f-aff8-539d136df3e8,jc0t5ge4v,NZXT Kraken X63 Water 280mm Black,RL-KRX63-01,False,True,True
CPUCooler,7f45db1c-087e-4a60-b4e1-498d629668d4,hc79vwi6s,NZXT Kraken Elite Water 280mm RGB White,RL-KR28E-W1,False,True,True
CPUCooler,65b2327b-4637-4ed2-8557-1c2df652f78a,v55pmmvr9,NZXT Kraken Z73 Water 360mm RGB Black,RL-KRZ73-R1,False,True,True
CPUCooler,4239f72d-a175-459a-a6da-ff42867142e6,pln21kzkb,NZXT Kraken Elite Water 240mm RGB 78.02 CFM White,RL-KR24E-W1,False,True,True
CPUCooler,44b9f6e4-372f-42c2-8938-931467f711e1,xqil079e7,NZXT Kraken X62 280mm - All-In-One RGB CPU Liquid Cooler,RL-KRX62-02,False,True,True
CPUCooler,bb44f55e-8647-439a-9361-d578c7cb2308,skugd000s,NZXT Kraken X53 Water 240mm 73.11 CFM Black,RL-KRX53-01,False,True,True
CPUCooler,dc3a749f-fd40-469f-9e04-37dcbfa1aece,9v4oay294,NZXT Kraken Elite Water 280mm 99.68 CFM Black,RL-KN28E-B1,False,True,True
CPUCooler,e6219e1d-90bb-4e6f-936d-97d72b7d1a68,pqafzf090,NZXT Kraken Z53 RGB Water 240mm White / Black,RL-KRZ53-RW,False,True,True
CPUCooler,63830cd7-881d-4304-be93-edaaa9f28ea5,b8mzz42t8,NZXT Kraken X53 RGB AIO CPU Liquid Cooler 240mm White,RL-KRX53-RW; RL-KRX53-R1,False,True,True
CPUCooler,c1edbbe5-0f8c-4687-9129-65d93f898f78,ixdeox7yx,NZXT Kraken Z63 RGB Water 280mm RGB 91.19 CFM Black,RL-KRZ63-R1,False,True,True
CPUCooler,464d79f5-7bc8-4384-bbf2-d36b44924679,me3xkctsn,NZXT Kraken X63 RGB 280mm Liquid Cooler,RL-KRX63-R1,False,True,True
CPUCooler,20d994c7-d930-4d25-8549-77c33574ce49,bg65e2du2,NZXT Kraken Elite Water 280mm RGB 90.79 CFM Black,RL-KR28E-B1,False,True,True
CPUCooler,04e5f7fb-5b85-4627-b3c4-e4ab372c12cd,jxyjjyp3w,NZXT Kraken Z53 73.11 CFM Water 240mm Black,RL-KRZ53-01,False,True,True
CPUCooler,e1d8ae75-e862-4d61-960f-9ab2b4f52c82,8ceeso2n8,NZXT Kraken M22 Water 120mm Black,RL-KRM22-01,False,True,True
CPUCooler,3dcfb5c2-8a7b-4316-b2a0-a27624af081e,7skfdfdj7,NZXT Kraken Z63 RGB Water 280mm White / Black,RL-KRZ63-RW,False,True,True
CPUCooler,9c4fdcf0-6f2e-45c8-9017-dd610ad2a727,uvx6ujtyo,NZXT Kraken Z53 Water 240mm RGB Black,RL-KRZ53-R1,False,True,True
CPUCooler,d47570d7-5b5a-478a-8ca1-85067761d780,e2m1kfxme,NZXT Kraken X63 RGB 91.19 CFM Water 280mm Black,RL-KRX63-R1,False,True,True
CPUCooler,0259ece2-55a2-4932-b3f7-be54a69dcb2b,4xcizldmz,NZXT Kraken X73 Water 360mm RGB 52.44 CFM Black,RL-KRX73-R1,False,True,True
CPUCooler,c6cad8d2-040b-4d9c-a41f-d8053912a7c7,gitqga9g4,NZXT Kraken X62 Rev 2 Water 280mm,RL-KRX62-02,False,True,True
CPUCooler,7e533fcb-6774-478f-8aa0-61b7482a3bc1,rec6bvvza,NZXT Kraken X72 Water 360mm Black,RL-KRX72-01,False,True,True
CPUCooler,072d7806-ae3b-4337-916b-412e308ef0c6,b72gdgmy9,NZXT Kraken X52 Water 240mm,RL-KRX52-01,False,True,True
CPUCooler,6ab3ad84-f382-4739-a61d-2d1d45aa38ec,gitnorzs6,NZXT Kraken X62 Water 280mm,RL-KRX62-01,False,True,True
CPUCooler,dca9f7c3-0b56-4190-a9bc-4d81d0c8765b,o4pnz6sgv,NZXT Kraken X42 Water 140mm,RL-KRX42-01,False,True,False
CPUCooler,8e974bdf-1290-4e1a-8ad0-b9bd99208ea3,oykj5se8w,NZXT HAVIK 120 75.8 CFM Air 160mm,RC-HV120-01,False,True,False
CPUCooler,afb87cfb-840f-4b0c-af4d-b3c18dafcb19,x8j34chu0,NZXT Kraken Elite Water 240mm RGB 78.02 CFM Black,RL-KR24E-B1,False,True,False
CPUCooler,42e2b444-4dd0-4001-9a63-e0a80f6c3a25,y7b87szgt,NZXT Kraken X31 Water 120mm 69.5 CFM,RL-KRX31-01,False,True,False
CPUCooler,ce0fc2c4-8e15-4797-942b-03f46d471606,esqb7s25k,NZXT Kraken X61 Water 280mm,RL-KRX61-01,False,True,False
CPUCooler,1094ff0a-ce97-4881-b7e2-a34680fabf14,ef29fx49r,NZXT HAVIK 140 90.3 CFM Air 166mm,HAVIK-140,False,True,False
CPUCooler,939d057e-333e-4f85-90d5-33acac2f0ae5,lb2bq6r7d,NZXT Kraken X42 Rev 2 Water 140mm 98.17 CFM,RL-KRX42-02,False,True,False
CPUCooler,335c94ad-6195-4d54-b0fa-06628fbea0f4,49iu6ju1y,NZXT Kraken X60 Water 280mm 98.3 CFM,Kraken X60                                                    RL-KRX60-01,False,True,False
CPUCooler,050408a5-91d5-4e09-a759-0e3669db09b4,k7hg4xbzq,NZXT Kraken X52 Rev 2 Water 240mm 73.11 CFM,RL-KRX52-02,False,True,False
CPUCooler,ab77077b-60d5-4ff7-b10a-6cb05da1bf4d,afriwnpfq,NZXT Kraken X40 Water 140mm,Kraken X40                                                    RL-KRX40-01,False,True,False
CPUCooler,e328929a-be13-46df-94bd-c5b5d873ba38,6cwva36fu,NZXT Respire T40 Air 160mm 68.8 CFM Sleeve Bearing,RC-RST40-01                                                    Respire T40,False,True,False
CPUCooler,c3fc9e29-3c82-420f-983b-bc08065f0ec7,83jq8sz52,NZXT Kraken X41 Water 140mm 106.1 CFM,RL-KRX41-01,False,True,False
CPUCooler,6a2c045f-3f03-48e3-9f5e-d3d3af350a8c,oq5k2cqhm,Kraken X53 RGB,RL-KRX53-01; RL-KRX53-RW,False,True,True
CaseFan,955719c1-1d38-4cd6-8310-865c14e6a492,jzr451cqt,NZXT F140Q (2024) 140mm Black PWM,,True,True,True
CaseFan,e21a52f5-4b38-41ac-8c59-5f5aa7c7ad49,qkhh036zq,NZXT F360 RGB CORE 360mm RGB LED Single-Frame RGB Fan Unit Black,,True,True,True
CaseFan,b494adc6-6197-4807-b2fc-38804efc3fb1,doge0wuxb,NZXT F120 RGB Core 120mm White ARGB PWM,,True,True,True
CaseFan,420fb795-94d3-4fea-ae9e-367e2a8bf22c,2qq22yiua,NZXT F360 RGB CORE 360mm White ARGB,,True,True,True
CaseFan,24bfcb44-b193-4a96-bf0b-74d88f3c9450,cvbczzuqb,NZXT F120Q 120mm Black,,True,True,True
CaseFan,1d77b1a9-bb0d-4d2a-bfd3-43196c97ccbe,1su7nub6b,NZXT F120 120mm White Duo ARGB,,True,True,True
CaseFan,a2ba7440-bf14-455f-afff-075253770fe8,ubgx1kbep,NZXT F120 RGB DUO 120mm Black ARGB,,True,True,True
CaseFan,7beaa520-44bf-45e3-aae7-d961c7047aed,mhorio6gf,NZXT F120 Core 120mm Black RGB PWM,,True,True,True
CaseFan,59ee598c-e174-4115-93df-88caa299759b,xp9qw1v8z,NZXT F120 Black Addressable RGB PWM,,False,True,True
CaseFan,3e19db7b-e8de-4eae-b982-49cba21df90e,hlroj8cev,NZXT F140Q (2024) 140mm White PWM,,True,True,True
CaseFan,4ed7e5af-82a9-4282-96fe-393f88fb9cb7,1nwow5rbs,NZXT F240 RGB Core - 240mm Single-Frame Fan Unit Black,RF-U24HF-B1,True,True,True
CaseFan,54fa3b87-ede3-4cf2-a061-2ef4e12224aa,hwocv716c,NZXT F140 RGB DUO 140mm Black RGB DUO PWM Addressable RGB 84.75 CFM 1-Pack,RF-D14SF-B1,False,True,True
CaseFan,6a8ff99f-bf95-4baa-a5d6-b4395864c9b5,2jn23ra9u,NZXT F120 RGB DUO 120mm Black Addressable RGB PWM,RF-D12SF-B1,True,True,True
CaseFan,9c832b0d-d416-481e-8164-09e651b90c06,n830wvkzr,NZXT F120Q (2024) 120mm PWM 74.26 CFM White,RF-Q12SF-W2,True,True,True
CaseFan,8b8003f2-6973-4f6f-b65c-9f0f48bba576,sas957v8o,NZXT F Core 140mm White PWM RGB,RF-C14SF-W1,True,True,True
CaseFan,6073829e-439d-4980-af2e-5d66256f2abf,s3in1uxxl,NZXT F360U 360mm Ultra RGB Fan Black,,True,False,True
CaseFan,80547aed-f893-44b8-8d92-6997bbf1f983,gsbi1534z,NZXT F280 RGB Core Black,RF-U28HF-B1,True,True,True
CaseFan,6933c88f-f49b-4a7a-b3c0-e2d9f35d1096,uwkgeafpu,NZXT F120Q (2024) 120mm Black PWM 1-Pack,RF-Q12SF-B2,True,True,True
CaseFan,549c0e31-65d1-4b00-a7e1-127799ddf5c8,2u55vgfo3,NZXT F RGB Core 140mm Black RGB PWM Core 89.48 CFM 1-Pack,RF-C14SF-B1,True,True,True
CaseFan,cbcc8e84-0abb-4835-a593-88ef9a34339f,leseobkgt,NZXT F120 RGB DUO 120mm White PWM,RF-D12SF-W1,True,True,True
CaseFan,40aeb8c6-592c-47b3-8cb4-836f3feb9743,m3oxwp0rk,NZXT F420U 420mm Ultra RGB Fan Black,,True,False,True
CaseFan,1aa2523f-6191-497a-b9c6-367a76f567b9,otvjhgkmp,NZXT F240 RGB Core - 240mm Single-Frame Fan Unit White,RF-U24HF-W1,True,True,True
CaseFan,13069b07-7e75-4a40-9e69-724f159f140d,itetve6jg,NZXT F140 140mm Black RGB DUO PWM 84.75 CFM 2-Pack,RF-D14DF-B1,True,True,True
CaseFan,cbde868a-119c-43cb-9b91-c515ed91aac9,450j9t58a,NZXT F Core 140mm Black RGB PWM 2-Pack 89.48 CFM Fans,RF-C14DF-B1,False,True,True
CaseFan,07f981e5-c35a-4afd-bd3f-e96431de3608,w00s382jb,NZXT F120 RGB 120mm Black RGB PWM Pack Of 3,RF-R12TF-B1,False,True,True
CaseFan,03cc2907-512c-44a8-8f81-bc544a08649e,aphoc5r5b,NZXT F360U 360mm Ultra RGB Fan White,RF-E36US-WA,True,False,True
CaseFan,413ee6e4-ef2e-4a06-8623-2beb25b4b76f,swvvijfvv,NZXT F140 RGB DUO 140mm White Addressable RGB PWM,RF-D14SF-W1,False,True,True
CaseFan,c7e0234b-96c0-42d5-9e59-ce5de7fa40ac,vfggdoc0p,NZXT F120 120mm White Addressable RGB PWM,RF-R12SF-W1,False,True,True
CaseFan,828bc67f-a06f-49de-a79b-75e86951c020,1u1t6i17j,NZXT F280 Core RGB White,RF-U28HF-W1,True,True,True
CaseFan,ddb929d3-5043-4ab5-8eb5-4481ab5fbf31,a80lc9ukn,NZXT F140 RGB DUO 140mm White RGB PWM 2-Pack,RF-D14DF-W1,True,True,True
CaseFan,efb7cc39-e2d8-4368-9ec5-55f288b42f79,oa992nap1,NZXT F120U 120mm Ultra RGB Fan Black,RF-E12US-BA,True,False,True
CaseFan,35cca98b-cb30-4e79-8dae-d9cea1b84ae4,lm21sxhz6,NZXT F360 RGB Black Reverse (2026),,True,False,True
CaseFan,972aaee9-9037-43ed-957f-4fd6346951ad,w08gdm8pk,NZXT F420U 420mm Ultra RGB Fan White,,True,False,True
CaseFan,3ead02b5-fd85-42be-beb2-751e547186b2,ag9whisyd,NZXT F420 RGB Black Reverse (2026),,True,False,True
CaseFan,8497e119-2561-4c3a-97af-ea8545f1e19d,v4iltx0xh,NZXT F120 RGB 120mm White RGB PWM Pack of 3,RF-R12TF-W1,False,True,True
CaseFan,54052cc2-ec1c-4ca2-9556-6ee75a0f154a,7hpk0c62z,NZXT F120P (2024) 120mm Black PWM,RF-P12SF-B2,True,True,True
CaseFan,0ccbe0b4-f6b1-4fb4-b91f-4a4fefddcf73,529dapbtg,NZXT F140 140mm Black PWM RGB 89.48 CFM,RF-R14SF-B1; RF-R14SF-W1,False,True,True
CaseFan,659ee988-fade-4593-b60f-1b57b868d995,vdzav5frl,NZXT F360 RGB White Reverse (2026),,True,False,True
CaseFan,1b830871-0f40-44ba-b403-b1435e8d3266,a68ulposp,NZXT F120P (2022) 120mm Black PWM,RF-P12SF-B1,False,True,True
CaseFan,1eaf0f1e-6a81-4b12-af59-26a62e393357,6hx1yxebu,NZXT F140 RGB Black (2026),,True,False,True
CaseFan,51062dd1-d228-4e06-be62-3dabeb6d1815,0mjjixxpp,NZXT F120U 120mm Ultra RGB Fan White,RF-E12US-WA,True,False,True
CaseFan,85d21d39-9da1-49b1-8bf1-f60a7e985524,q8s4n84j2,NZXT F140 RGB White (2026),,True,False,True
CaseFan,c7f9c76b-7bc4-4eb1-9265-318079afda63,xakwtoepa,NZXT F120 RGB Black (2026),,True,False,True
CaseFan,be9e111a-4aaf-43e2-8f12-400e41ad136f,o338zw0i7,NZXT Aer P 140mm Black PWM,RF-AP140-FP,False,True,True
CaseFan,3ab1762b-281e-42b9-b142-ef3337c7f89b,ytwxp1n3j,NZXT F420 RGB Black (2026),,True,False,True
CaseFan,5e3f5fbb-ca14-4edb-a416-14cddc80c662,o6xq8tb13,NZXT F120Q (2022) 64 CFM 120mm White PWM 1-Pack,RF-Q12SF-B1,False,True,True
CaseFan,8ebc5677-794e-4eb6-9cb4-7c0390a86af0,zirjpy65c,NZXT F140P 140mm Black PWM (2024),RF-P14SF-B2,True,True,True
CaseFan,697324f4-6ef9-4e13-822a-ae55caa071f7,5uxbyr5rr,NZXT F140U 140mm Ultra RGB Fan Black,,True,False,True
CaseFan,04efedaa-7078-408a-aee8-9adc8397e8ce,f1mmewymk,NZXT F140 140mm Black PWM RGB 2-Pack,RF-R14DF-B1,False,True,True
CaseFan,44343e0a-e607-4c44-8c77-d9552f3444c4,85z6m1lu5,NZXT F420 RGB White Reverse (2026),,True,False,True
CaseFan,a51161f3-7b3f-46be-98eb-b05ad0f335f3,ws3t8grp5,NZXT F120 RGB White (2026),,True,False,True
CaseFan,68b26ec1-6dcc-4c74-915e-84e4840988ce,1d4eai3be,NZXT F140 140mm White PWM RGB 2-Pack,RF-R14DF-W1,False,True,True
CaseFan,20b8af33-17ff-4658-aa26-e24be227cdd8,6njhkjlfp,NZXT F120P (2022) 120mm White PWM 78.02 CFM,RF-P12SF-W1,False,True,True
CaseFan,dd7f1b55-9062-4d6f-a702-8c441fc149d0,aa5oaiob3,NZXT F360 RGB Black (2026),,True,False,True
CaseFan,73931c82-b4e6-4133-9777-b28100664b46,0p6jtgiq8,NZXT Aer RGB 140mm Black PWM Addressable RGB 71.6 CFM 3-Pack,HF-28140-B1,False,True,True
CaseFan,9dbe0664-d69f-471b-8c66-26ab4c65ce2e,95y3ve4ei,NZXT F120Q (2022) 64 CFM 120mm Black PWM 1-Pack,RF-Q12SF-B1,False,True,True
CaseFan,9d3646b4-3f1d-48d7-bb27-7cc5eb7deb9c,hed4mrlp3,NZXT F360 RGB White (2026),,True,False,True
CaseFan,310cdadd-e3e5-449c-8564-a725a3597bcd,j82gb4kxp,NZXT F140P 140mm Black PWM (2022) 99.68 CFM,RF-P14SF-B1,False,True,True
CaseFan,495ac577-37f2-438d-8f88-78a21b518cf9,bez1fdg1h,NZXT F420 RGB White (2026),,True,False,True
CaseFan,dc7052d1-838b-469f-969f-21b27fbcd8af,tdndtch1p,NZXT F140U 140mm Ultra RGB Fan White,,True,False,True
CaseFan,8c39bd60-0f15-42b4-bf58-2593d18c91d2,1ofyxt4hl,NZXT F120P (2024) 120mm White PWM,RF-P12SF-W2,True,True,True
CaseFan,3dcc94ad-6b91-4611-8f14-f7e596d2bcc4,iifjwai8y,NZXT AER RGB 2 120mm White Addressable RGB PWM 52.44 CFM 3-Pack,HF-28120-BW,False,True,True
CaseFan,1838cc22-1590-48ae-b412-5fb78453ce85,8qywm7j0q,NZXT F140Q 140mm White PWM (2022) 101 CFM,RF-Q14SF-W1,False,True,True
CaseFan,a6e84ed7-0a1b-4ead-88f5-f92484f6c9b5,nmkjot3ig,NZXT Aer F 63.02 CFM 120 mm Fans 2-Pack,,False,True,True
CaseFan,827c6784-9803-46d8-ab58-389ae0272d71,fyuk7mhze,NZXT F140P (2024) 140mm White PWM,RF-P14SF-W2,True,True,True
CaseFan,c38fe0d0-b5f8-486e-92be-fb412bf6fd7b,xeb2ft13d,NZXT F140Q 140mm Black PWM (2022) 101 CFM,,False,True,True
CaseFan,8f6d69bc-9ce7-48e2-a0bb-b2876d5c18e8,n3p1zs0w9,NZXT AER RGB 2 120mm RGB PWM 52.44 CFM Black 3-Pack,,False,True,True
CaseFan,b211266e-e349-4d8b-b2e6-ccdc5e62d5f1,0q5m1g6dy,NZXT F RGB Core 140mm White RGB PWM 2-Pack,,False,True,True
CaseFan,07246654-287d-4034-b5ba-927544e0c47e,uqtpe6nqx,NZXT Aer F 120mm Black PWM 1-Pack,RF-AF120-B1,False,True,True
CaseFan,2869747d-6ac2-47fa-965c-46190ecdcfc8,tdplr3c47,NZXT Aer 120mm Black RGB PWM 3-Pack,,False,True,True
CaseFan,2ca4bba2-5ede-4ed6-9502-181b61d1ddad,h3yas8b4q,NZXT AER RGB 2 120mm Black Addressable RGB PWM 52.44 CFM,,False,True,True
CaseFan,c6f29efb-e822-454d-b026-e79a7850afd6,ublnv5aep,NZXT F140P (2022) 140mm White PWM 99.68 CFM,,False,True,True
CaseFan,03756890-be8d-44b6-8a22-9ac014dd9662,j14gxajc4,NZXT Air Flow 59.1 CFM 120mm Clear White 1-Pack,RF-FZ120-W1,False,True,True
CaseFan,becc94b2-7439-4c16-9569-3150cbd4c5fa,jjjp4xyna,NZXT FN 120mm White,,False,True,False
CaseFan,daf04119-85a1-4c27-b8fa-c0819150f336,b90excf4g,NZXT AER RGB 2 140mm White Addressable RGB PWM 52.44 CFM 1-Pack,,False,True,True
CaseFan,ab8ca4b3-384b-4556-8aed-826dac55a1b3,wakv8ua1p,NZXT Air Flow 120mm Clear Red LED 59.1 CFM 1-Pack,RF-FZ120-R1,False,True,True
CaseFan,348714fe-f089-47db-8d9e-72b6bdd69d31,e4vz8vo3w,NZXT Aer P 120mm Black PWM,,False,True,True
CaseFan,8ff620a3-e684-4a06-910e-5a74c245f200,dutf3kdpl,NZXT F120Q CV Black 120mm,,False,True,False
CaseFan,f8f90886-ed2e-49f4-9cea-344e3be67568,5olvu6sdx,NZXT Aer 140mm Black RGB PWM 71.6 CFM,,False,True,True
CaseFan,1d5281fd-3ec0-48b4-9f88-5a55a74541ae,2dzj5hd97,NZXT AER RGB 2 140mm Black PWM Addressable RGB 91.19 CFM 1-Pack,,False,True,True
CaseFan,ac42b35b-0ed8-4a22-bdda-6d2ffa5cb1dd,s6cwdngui,NZXT Aer 120mm Black Addressable RGB PWM 61.4 CFM,,False,True,True
CaseFan,d8a8cc93-361c-4282-8256-8ba53b8a64fd,9d9pzwel3,NZXT FX 98.3 CFM 140 mm Fan,,False,True,False
CaseFan,9608dad3-ffed-4ca1-987b-2d3cf87755e5,pcm23mv2u,NZXT Aer F 140mm Black PWM,RF-AF140-B1,False,True,True
CaseFan,3b293dd2-4a6e-44eb-8950-3181710ffb4c,31tur6527,NZXT AER RGB 2 140mm Black Addressable RGB PWM 91.19 CFM 2-Pack,,False,True,True
CaseFan,e1ab3f7b-e2f9-4ba2-8e11-5aa1c702f323,xft9syph3,NZXT Aer F 140mm Black PWM,,False,True,True
CaseFan,3c348402-a709-463d-b694-d21a7b0b04df,q52cuj1r5,NZXT AER RGB 2 120mm Black RGB PWM 2-Pack,,False,True,True
CaseFan,9e129a88-f9f3-4ed2-a4f2-e0d13451ad6f,n5g1mavwb,NZXT AER RGB 2 120mm Black PWM RGB 52.44 CFM 3-Pack,,False,True,True
CaseFan,114b860c-ebf3-4bae-b09b-fe7a0e4ab70f,c2o4mfb37,NZXT FX 120mm White 96 CFM 1-Pack,,False,True,False
CaseFan,c770122e-6898-42f2-917c-bf7b1dc02a4b,096gm4gbx,NZXT FN V2 120mm 45 CFM Black / White 1-Pack,,False,True,False
CaseFan,37131a9b-638a-4d81-ac68-5faf27bd9d52,yhhbskkdy,NZXT AER RGB 2 120mm White PWM 52.44 CFM 1-Pack,,False,True,False
CaseFan,82f7c094-7676-4617-9795-2b8898e0f0cf,oiddlth2h,NZXT FN V2 140mm Black / White 50 CFM 1-Pack,,False,True,False
CaseFan,e18ef3f2-3434-461a-86fe-24a0ef7e49ac,8v8j2njvu,NZXT Air 140mm Clear White LED 1-Pack,,False,True,False
CaseFan,8dcd5e69-dd0e-4d38-9482-ed91782c2142,kad15sl9i,NZXT FX 98.3 CFM 140 mm Fan,,False,True,False
CaseFan,e7c9f3a6-4361-44c9-af51-733ad6672db1,mm15xj95c,NZXT FN 140mm White 62.5 CFM,,False,True,False
CaseFan,b56dc2bb-27a9-45f3-9945-344f1df54d8b,ac6g4ih95,NZXT FN 200mm White 166.2 CFM,,False,True,False
CaseFan,9d1096d0-8154-4fa6-899f-e70f400b4385,0h6cpwl1v,NZXT FS 193mm Black / White Green LED,,False,True,False
CaseFan,bff789df-fa9e-4203-a09f-7689265889f3,0z3jiq74z,NZXT FZ 120mm Blue LED 59.1 CFM Clear 1-Pack,,False,True,False
CaseFan,c08961ff-967d-4312-9f84-9d5f29278d55,tm4qn0kvg,NZXT FZ 120mm Clear 59.1 CFM Orange LED 1-Pack,,False,True,False
CaseFan,a57dd105-ea7d-4578-bb37-fcbad73cb2e0,987zd8hol,NZXT Air Flow 83.6 CFM 140mm Clear Blue LED,,False,True,False
CaseFan,57affe83-4048-4c2f-944c-57171167c1d5,1nkudk96o,NZXT FZ 200mm Transparent Blue LED 1-Pack,,False,True,False
CaseFan,d106ec5b-2996-46e9-9d4c-589d62741b62,93t5zst9q,NZXT FZ 200mm Transparent 103 CFM White 1-Pack,,False,True,False
CaseFan,f6494cea-a0c5-4d2c-9df8-6911f58e9cd9,ecka0im4z,NZXT Air Flow 120mm White,,False,True,False
CaseFan,e949fa34-afc0-4d56-bbc0-ce77ffb91d4d,86q71r8vv,NZXT FZ 120mm Clear Green 59.1 CFM,,False,True,False
CaseFan,ee8c075a-e6a6-4c06-b982-f415af87dc5d,mpvxlen7q,NZXT FX V2 140mm Black / White 106.1 CFM 1-Pack,,False,True,False
CaseFan,44aa6aad-e4d5-4681-8697-03d33dad81ec,u3z1td3i1,NZXT Air Flow 140mm Red 83.6 CFM Clear 1-Pack,,False,True,False
CaseFan,5db29bda-945c-401b-8b6a-b1ca8a5c2237,hj4nizfgw,NZXT FX 140mm Black / White PWM 98.3 CFM,,False,True,False
CaseFan,15de4668-13e7-4a4e-b583-e5248615fd9a,yssv9w820,NZXT Air Flow 83.6 CFM 140mm Clear Orange LED 1-Pack,,False,True,False
CaseFan,e4eb2f4e-2b5c-482f-a0b9-208bf9bbea01,droe6xg41,NZXT Air Flow 140mm White,,False,True,False
CaseFan,a8c62206-9528-4e3d-aafd-97ab36930e74,i8e4y1gmc,NZXT FS 193mm 89.5 CFM Blue LED Black / White 1-Pack,,False,True,False
CaseFan,5efc1fa5-7454-494f-ba7a-7e94e3361261,2slvcs04g,NZXT FZ 200mm White 103 CFM 1-Pack,,False,True,False
CaseFan,1fc95970-4a3f-4e20-92cd-06eeae742a6d,u8npjqr11,NZXT FN V2 120mm Black / White 45 CFM,,False,True,False
CaseFan,098c0bf9-a7e7-4bb3-8b44-f4e1c918634e,buw4kzvbg,NZXT FS 193mm Black / White 89.5 CFM Red LED 1-Pack,,False,True,False
CaseFan,a9abdb73-469e-494c-8f66-daf704edf157,on8cyt516,"NZXT FZ 200mm Transparent Orange LED, 103 CFM 1-Pack",,False,True,False
CaseFan,c2b47834-5542-45ba-99dc-7f7333452241,drytymst0,NZXT FZ 200mm Transparent Red 103 CFM 1-Pack,,False,True,False
CaseFan,5659c11f-e376-4897-908b-b44bea8c2298,xl5wtijci,NZXT FS 193mm Black / White 89.5 CFM 1-Pack,,False,True,False
CaseFan,b56ae8cb-d902-48ab-a958-62ccba4700fe,nlla3gox5,NZXT FN V2 140mm Black / White 50 CFM 1-Pack,,False,True,False
CaseFan,f317f03b-9b96-4c7d-9fc6-a11c566232aa,r8diqrbrl,F420 RGB Core Black,RF-U42HF-B1,True,True,True
CaseFan,8eb6b290-eccf-4407-9ddc-5d6c836a2fb6,e3flkhcva,F420 RGB Core White,RF-U42HF-W1,True,True,True
Motherboard,9fe02aec-5837-4b53-9f7e-ca382780dc98,mihyrdtz2,NZXT B650E N7 WIFI AM5 DDR5 ATX,N7-B65XT-W1,True,True,True
Motherboard,9cb8bc5b-c5ac-461c-bc85-5485ae8dc65e,17qtob7qx,NZXT B650E N7 WIFI AM5 DDR5 ATX,N7-B65XT-B1,True,True,True
Motherboard,df60f6c5-c4a8-4681-a42b-6b4995cbc9be,d8xdwalxx,NZXT Z790 N7 LGA1700 DDR5 ATX,N7-Z79XT-W1,False,True,True
Motherboard,6a912c4f-e7ff-4fa8-9c57-cd4d587f276a,lbtbzqs5i,NZXT X870E N9 DDR5 ATX,N9-X87XT-W1,True,True,True
Motherboard,43db8139-ffa6-4fc5-9e62-ab66706115b3,3syie6jy2,NZXT X870E N9 AM5 DDR5 ATX,N9-X87XT-B1,True,True,True
Motherboard,9013ec36-714c-48b5-9a9d-b45b50a3e013,wfgnynjht,NZXT Z790 N7 Z790 LGA1700 DDR5 ATX,N7-Z79XT-B1,False,True,True
Motherboard,a7ddaed9-ad68-42c5-9e46-dee4a8a74af3,5xin942e0,NZXT B550 N7 B550 AM4 WIFI DDR4 ATX,N7-B55XT-W1,False,True,True
Motherboard,48164c80-67a5-415b-9bee-6a26411630d0,j6vssa6j3,NZXT Z690 N7-Z69XT-B1 LGA1700 DDR4 ATX,N7-Z69XT-B1,False,True,True
Motherboard,987fe0ec-feb5-4b97-84ab-12dffb824bdd,j58movmtb,NZXT N7 Z690 LGA 1700 ATX Motherboard (White),N7-Z69XT-W1,False,True,True
Motherboard,c49a735c-a954-4688-8027-baae29c96572,x36om9k4o,NZXT B550 N7 AM4 DDR4 ATX,N7-B55XT-B1,False,True,True
Motherboard,df6a5c1c-0db2-45f1-8049-561c49ce6d61,otisqsz55,NZXT Z890 N9 LGA1851 DDR5 ATX,N9-Z89XT-B1,True,True,False
Motherboard,50f8e5ce-3768-4e02-9ce7-aaab7af09571,cuoso05ro,NZXT N5 Z690 Motherboard - N5-Z69XT-B1 - Intel Z690 chipset (Supports 12th Gen CPUs) - ATX Gaming Motherboard - Integrated I/O Shield - WiFi 6E connectivity - Bluetooth V5.2 - Black,N5-Z69XT-B1,False,True,True
Motherboard,2ddcac10-4d35-48d1-8014-941c0a72ef60,tqfwo7m0o,NZXT Z690 N7-Z69XT-W1 WIFI DDR4 ATX,N7-Z69XT-W1,False,True,True
Motherboard,0bebab23-6353-4409-a723-de2f5ec8def3,juf2vxwk3,NZXT Z590 N7 LGA1200 DDR4 ATX,N7-Z59XT-W1,False,True,True
Motherboard,d50455b4-c093-4fd9-8e24-f53760f64cc7,q1bv8c7t0,NZXT Z690 N5 WIFI DDR4 ATX,N5-Z69XT-W1,False,True,True
Motherboard,e53f32f2-bab2-4ea0-9f98-0dbb7b806c7f,8jq5dzdov,NZXT Z490 N7 DDR4 ATX,N7-Z49XT-W1,False,True,True
Motherboard,b210d7f1-a57a-4ff6-9a07-7d0a032fb27b,ivgvm04xu,NZXT Z590 N7 LGA1200 DDR4 ATX,N7-Z59XT-B1,False,True,True
Motherboard,a53f465f-10ba-421a-a1f3-fa25c568ad09,lriltww7e,NZXT N7 Z490 LGA1200 DDR4 ATX,N7-Z49XT-B1,False,True,True
Motherboard,782818b1-168f-4c9b-b920-2cf764502c9b,1k7nhucfc,NZXT Z690 N5 DDR4 ATX,N5-Z69XT-B1,False,True,True
Motherboard,169c72a9-aedc-4650-a69c-d36d4473e054,prbkdi1cd,NZXT Z390 N7 WIFI LGA1151 DDR4 ATX,N7-Z39XT-W1,False,True,True
Motherboard,587938f1-f149-48e3-ae22-18b8e5253f00,j43i8ih84,NZXT N7 Z370 DDR4 ATX,N7-Z37XT-W1,False,True,True
Motherboard,42d90097-ecab-4d17-8ae1-42e8fc3b6fff,jcl3v9hwb,NZXT Z390 N7 LGA1151 WIFI DDR4 ATX,N7-Z39XT-B1,False,True,True
Motherboard,6adecf11-7c2e-4dff-9953-2926b4213fa4,ltcjek9go,NZXT Z370 N7 DDR4 ATX LGA1151,N7-Z37XT-B1,False,True,True
PSU,01addd41-f14a-4bd7-b98c-8f0c43523ffd,bm3uemsq0,NZXT C850 (2024) Black 850W Fully Modular 80+ Gold Certified,PA-8G2BB-US; PA-8G2BB-AU; PA-8G2BB-EU; PA-8G2BB-UK,True,True,True
PSU,f026ce60-70b9-4ea7-9b47-b1a49cad9b86,p4iurfsas,NZXT C850 (2026) SFX Gold,PS-8G1BB-US,True,True,True
PSU,d0a6a10a-ed8e-416f-8709-d5aec483256f,ykfi5z2ct,NZXT C1200 (2024) Black 1200W Fully Modular 80+ Gold,PA-2G2BB-US; PA-2G2BB-EU; PA-2G2BB-AU; PA-2G2BB-UK,True,True,True
PSU,79b5c23e-b32a-4e55-b0df-225fff99058a,8eon51aqf,NZXT C1200 (2024) White 1200W Fully Modular 80+ Gold,PA-2G2BW-US; PA-2G2BW-UK; PA-2G2BW-AU; PA-2G2BW-EU,True,True,True
PSU,366d0bad-b460-4b94-b7dd-45c851347a0b,adf8adx6f,NZXT C1200 Fully Modular ATX Power Supply - 1200 Watts ATX 3.1 - White,PA-0G2BW; PA-2G2BW-US,True,True,True
PSU,65a7c3ea-6651-48a0-9c18-abfdfcbf78e0,2ve7nrelz,NZXT C850 Fully Modular ATX Power Supply - 850 Watts ATX 3.1 - White,PA-8G2BW-US,True,True,True
PSU,fa04b07e-26d0-4d0b-8dce-483c68018950,6u6iarmge,NZXT C1000 Fully Modular ATX Power Supply - 1000 Watts ATX 3.1 - Black,PA-0G1BB-US; PA-0G2BB-US; PA-0G3BB-US,True,True,True
PSU,a5e2ece9-9d1d-4ca6-b7fa-61213df1ac99,ofysoxvzi,NZXT C850 Fully Modular ATX Power Supply - 850 Watts ATX 3.1 - Black,PA-8G1BB-US; PA-8G2BB-US,True,True,True
PSU,528c5c8e-36df-4bbc-96d3-3e88fcacc2fa,jj4obvy3x,NZXT C1000 Fully Modular ATX Power Supply - 1000 Watts ATX 3.1 - White,PA-0G2BW-US,True,True,True
PSU,32d33967-f2e8-42ef-9021-2fd395c812fb,hbghmzyuj,NZXT C1500 1500W Fully Modular 80+ Platinum Certified,PA-5P1BB-US; PA-5P1BB-EU; PA-5P1BB-AU; PA-5P1BB-UK,True,True,True
PSU,b159e8a1-cf97-4432-a615-fe198a99bff9,aipyufaxf,NZXT C1200 1200W 80+ Gold Fully Modular,PA-2G1BB-US; PA-2G1BB-AU; PA-2G1BB-EU; PA-2G1BB-UK; PA-2G1BB-JP; PA-2G1BB-WO,False,True,True
PSU,c1da18ec-552b-44c7-b713-e6c267d1ca3e,yb2cr541y,NZXT C750 (2022) Black ATX 750W Fully Modular 80+ Gold Certified,PA-7G1BB-US; PA-7G1BB-UK; PA-7G1BB-EU; PA-7G1BB-AU; PA-7G1BB-JP; PA-7G1BB-WO,False,True,True
PSU,696a5896-00fd-433d-84be-b495a5bf4250,nxzf4la8q,NZXT C750 (2023) Black ATX 750W Non-Modular 80+ Bronze Certified,PA-7B2BB-US; PA-7B2BB-UK; PA-7B2BB-EU; PA-7B2BB-AU; PA-7B2BB,False,True,True
PSU,344e7721-7af8-4c89-b08a-7612f9b08240,erwwcg4cy,NZXT C (2019) 750W Fully Modular 80+ Gold,NP-C750M-US; NP-C750M-UK; NP-C750M-EU; NP-C750M-AU; NP-C750M-JP; NP-C750M-WO,False,True,True
PSU,759bef40-396d-4dc4-a1aa-5dbaa16fa6cf,319kur3jf,NZXT C650 (2022) ATX 650W Fully Modular 80+ Gold Certified,PA-6G1BB-US; PA-6G1BB-UK; PA-6G1BB-EU; PA-6G1BB-AU; PA-6G1BB-JP; PA-6G1BB-WO; PA-6B1BB-US,False,True,True
PSU,d8b7493a-7aad-4bb6-854d-26be0ec2721e,905y31ytc,NZXT E850 850W Fully Modular 80+ Gold Certified,NP-1PM-E850A; NP-1PM-E850A-EU; NP-1PM-E850A-US; NP-1PM-E850A-UK; NP-1PM-E850A-AU; NP-1PM-E850A-JP; NP-1PM-E850A-WO,False,True,True
PSU,59dbfe3a-cb54-4201-b2c2-b4c6d980593c,3a2ybdftt,NZXT C (2019) Black 650W Fully Modular 80+ Gold,NP-C650M-US; NP-C650M-UK; NP-C650M-EU; NP-C650M-AU; NP-C650M-JP; NP-C650M-WO,False,True,True
PSU,f06112b4-65a4-40e1-b94a-afedacadc3df,pmba4ygv3,NZXT C550 ATX 550W Semi-Modular 80+ Bronze Certified,PA-5B1BB-US; PA-5B1BB-EU; PA-5B1BB-UK; PA-5B1BB-AU; PA-5B1BB-JP; PA-5B1BB-WO,False,True,True
PSU,23cdc549-eb71-4899-9b56-91616327abc7,s2hzg9m2o,NZXT C750 750W Semi-Modular 80+ Bronze Certified,PA-7B1BB-US; PA-7B1BB-UK; PA-7B1BB-EU; PA-7B1BB-AU; PA-7B1BB-JP; PA-7B1BB-WO,False,True,False
PSU,1767609e-22c3-48fb-921f-9353e25f5e13,gi5hkmbbx,NZXT E650 ATX 650W Fully Modular 80+ Gold Certified,NP-1PM-E650A; NP-1PM-E650A-US; NP-1PM-E650A-AU; NP-1PM-E650A-EU; NP-1PM-E650A-UK; NP-1PM-E650A-JP; NP-1PM-E650A-WO,False,True,True
PSU,75087990-f645-44b5-974e-012c5603dcc1,np2wdz5ov,NZXT C650 650W Semi-Modular 80+ Bronze Certified,PA-6B1BB-US; PA-6B1BB-EU; PA-6B1BB-UK; PA-6B1BB-AU; PA-6B1BB-JP; PA-6B1BB-WO,False,True,False
PSU,507bc48f-521e-4e26-b90a-f9d11fb7bc84,3t6v05sum,NZXT C (2019) Black ATX 850W Fully Modular 80+ Gold Certified,NP-C850M-US; NP-C850M-UK; NP-C850M-EU; NP-C850M-AU; NP-C850M-JP; NP-C850M-WO,False,True,True
PSU,1e7911f0-f4d8-42f8-a1a3-4fea05536205,kg5o1ov0y,NZXT HALE 90 750W Fully Modular 80+ Gold Certified,HALE90-750-M,False,True,False
PSU,b6ad097e-e0fc-4438-ae3e-d94ffd70a844,rlfxcwp9w,NZXT HALE 90 1000W Fully Modular 80+ Gold Certified,HALE90-1000-M,False,True,False
PSU,4d8c243a-0b21-49ed-912f-4ce7812b3c69,ahet2l539,NZXT E500 ATX 500W Fully Modular 80+ Gold Certified,NP-1PM-E500A; NP-1PM-E500A-US; NP-1PM-E500A-EU; NP-1PM-E500A-UK; NP-1PM-E500A-AU; NP-1PM-E500A-WO; NP-1PM-E500A-JP,False,True,True
PSU,a38b7165-01e2-4aa8-8321-4e35aa5997fc,s64a1lk47,NZXT HALE90 V2 ATX 1000W Fully Modular 80+ Gold,PS-H9V2-100,False,True,False
PSU,d95dc95b-f27c-498c-9869-43acc18ed57d,jpxa4bs51,NZXT HALE82 650W Semi-Modular 80+ Bronze,HALE82-650-M,False,True,False
PSU,a880aa2e-643f-4967-9d41-4fb0e83ada61,zowa6gv0a,NZXT HALE82 V2 700W Fully Modular 80+ Bronze Certified ATX,V2 700W,False,True,True
PSU,90ef3871-bf5c-410e-bd3d-b95eb4ccaf72,k7849dqpx,NZXT HALE82N ATX 750W Non-Modular 80+ Bronze,NP-1BN-0750A-US; NP-1BN-0750A-UK,False,True,False
PSU,b040557f-bc2f-4528-b2f5-23e153217f68,f7qkxq88h,NZXT HALE 90 ATX 850W Fully Modular 80+ Gold Certified,HALE90-850-M,False,True,False
PSU,9d67c65a-b35f-459c-88dd-f856bdef97cb,snbrt4lyy,NZXT HALE82 ATX 750W Semi-Modular 80+ Bronze Certified,HALE82-750-M; HALE82 750W,False,True,False
PSU,bcf8bc2a-c464-4b56-8742-b75526e33415,rd1223m2n,NZXT HALE90 V2 1000W 80+ Gold Fully Modular,NP-1GM-1000A-NEEU,False,True,False
PSU,7682ecaa-a68d-4f6c-a004-5b8ace61a8a6,0qb7otcof,NZXT HALE82N 550W 80+ Bronze Certified Non-Modular,NP-1BN-0550A,False,True,False
PSU,3e5fb35a-9ccc-4238-a33f-0163e93956fe,bmbngj670,NZXT HALE90 V2 1200W 80+ Gold Fully Modular,PS-H9V2-120,False,True,False
PSU,3967a49e-d60e-400f-929f-c7696a88da94,niay61tdz,NZXT HALE82N ATX 650W Non-Modular 80+ Bronze Certified,NP-1BN-0650A-US; NP-1BN-0650A-UK,False,True,False
PSU,0c79b5cd-f659-43ad-a647-6e4ebe84e472,rrzs29tn0,NZXT HALE90 V2 ATX 850W Fully Modular 80+ Gold Certified,HALE90 V2 850W,False,True,False
PSU,58f3ebf8-0eab-49a9-b2f4-cf3268f5ed72,67go5t61f,NZXT HALE82N ATX 550W Non-Modular 80+ Bronze Certified,NP-1BN-0550A-US,False,True,False
PSU,d0ab86bf-acc7-4bd1-a2aa-599e1edffba2,4aoitikrp,NZXT HALE90 V2 850W 80+ Gold Fully Modular,NP-1GM-0850A; NP-1GM-0850A-EU,False,True,False
PSU,4cb33635-ae78-4acd-a81d-ad9a3af1d7f9,q3fe0st5d,NZXT HALE90 V2 ATX 1200W Fully Modular 80+ Gold Certified,NP-1GM-1200A-NEEU,False,True,False
PSU,36ab4e58-3cfb-49d4-938a-e6af79da3b57,1o9la8w6t,NZXT HALE82 V2 550W 80+ Bronze Certified Fully Modular,V2 550W,False,True,False
PSU,aa92ba12-3648-435a-902e-ed0dd4d1be82,x9j1t1gyi,NZXT HALE90 V2 1200W 80+ Gold Fully Modular,NP-1GM-1200A; NP-1GM-1200A-EU,False,True,False
PSU,e3a631ce-9eaa-43bd-a44d-d6bd6bd24cb8,9w9qr3sna,NZXT HALE90 V2 850W 80+ Gold Certified Fully Modular,PS-H9V2-085,False,True,False
PSU,73d96a89-44a2-4a75-925a-c323f3007784,l61f63qea,NZXT HALE90 V2 1000W Fully Modular 80+ Gold,NP-1GM-1000A,False,True,False
